-- phpMyAdmin SQL Dump
-- version 5.0.3
-- https://www.phpmyadmin.net/
--
-- Máy chủ: 127.0.0.1
-- Thời gian đã tạo: Th10 28, 2020 lúc 10:00 AM
-- Phiên bản máy phục vụ: 10.4.14-MariaDB
-- Phiên bản PHP: 7.4.11

SET SQL_MODE = "NO_AUTO_VALUE_ON_ZERO";
START TRANSACTION;
SET time_zone = "+00:00";


/*!40101 SET @OLD_CHARACTER_SET_CLIENT=@@CHARACTER_SET_CLIENT */;
/*!40101 SET @OLD_CHARACTER_SET_RESULTS=@@CHARACTER_SET_RESULTS */;
/*!40101 SET @OLD_COLLATION_CONNECTION=@@COLLATION_CONNECTION */;
/*!40101 SET NAMES utf8mb4 */;

--
-- Cơ sở dữ liệu: `doan`
--

-- --------------------------------------------------------

--
-- Cấu trúc bảng cho bảng `admin`
--

CREATE TABLE `admin` (
  `idadmin` int(11) NOT NULL,
  `username` varchar(255) CHARACTER SET utf8mb4 COLLATE utf8mb4_vietnamese_ci NOT NULL,
  `password` varchar(255) CHARACTER SET utf8mb4 COLLATE utf8mb4_vietnamese_ci NOT NULL
) ENGINE=InnoDB DEFAULT CHARSET=utf8;

--
-- Đang đổ dữ liệu cho bảng `admin`
--

INSERT INTO `admin` (`idadmin`, `username`, `password`) VALUES
(1, 'admin', 'admin');

-- --------------------------------------------------------

--
-- Cấu trúc bảng cho bảng `cart`
--

CREATE TABLE `cart` (
  `id` int(11) NOT NULL,
  `fullname` varchar(11) CHARACTER SET utf8mb4 COLLATE utf8mb4_vietnamese_ci NOT NULL,
  `createdate` timestamp NOT NULL DEFAULT current_timestamp()
) ENGINE=InnoDB DEFAULT CHARSET=utf8;

--
-- Đang đổ dữ liệu cho bảng `cart`
--

INSERT INTO `cart` (`id`, `fullname`, `createdate`) VALUES
(21, 'nguyenhuutr', '2020-11-07 08:48:27'),
(22, 'nguyenhuutr', '2020-11-07 09:13:27'),
(23, 'nguyenhuutr', '2020-11-07 09:18:56'),
(24, 'nguyenhuutr', '2020-11-09 07:08:34'),
(25, 'admin', '2020-11-14 11:04:46'),
(26, 'nguyenhuutr', '2020-11-23 09:01:13');

-- --------------------------------------------------------

--
-- Cấu trúc bảng cho bảng `cart_detail`
--

CREATE TABLE `cart_detail` (
  `id` int(11) NOT NULL,
  `cart_id` int(11) NOT NULL,
  `product_id` int(11) NOT NULL DEFAULT 1,
  `quantity` int(11) NOT NULL,
  `price` varchar(100) CHARACTER SET utf8mb4 COLLATE utf8mb4_vietnamese_ci NOT NULL
) ENGINE=InnoDB DEFAULT CHARSET=utf8;

--
-- Đang đổ dữ liệu cho bảng `cart_detail`
--

INSERT INTO `cart_detail` (`id`, `cart_id`, `product_id`, `quantity`, `price`) VALUES
(33, 21, 133, 1, '1500000'),
(34, 22, 129, 1, '4500000'),
(35, 23, 108, 3, '2000000'),
(36, 23, 91, 1, '120000'),
(37, 24, 91, 3, '120000'),
(38, 25, 178, 1, '1400000'),
(39, 26, 90, 1, '70000');

-- --------------------------------------------------------

--
-- Cấu trúc bảng cho bảng `dangky`
--

CREATE TABLE `dangky` (
  `id_khachhang` int(11) NOT NULL,
  `tenkhachhang` varchar(255) CHARACTER SET utf8mb4 COLLATE utf8mb4_vietnamese_ci NOT NULL,
  `email` varchar(100) CHARACTER SET utf8mb4 COLLATE utf8mb4_vietnamese_ci NOT NULL,
  `matkhau` varchar(100) CHARACTER SET utf8mb4 COLLATE utf8mb4_vietnamese_ci NOT NULL,
  `dienthoai` int(11) NOT NULL,
  `diachinhan` varchar(200) CHARACTER SET utf8mb4 COLLATE utf8mb4_vietnamese_ci NOT NULL
) ENGINE=InnoDB DEFAULT CHARSET=utf8;

--
-- Đang đổ dữ liệu cho bảng `dangky`
--

INSERT INTO `dangky` (`id_khachhang`, `tenkhachhang`, `email`, `matkhau`, `dienthoai`, `diachinhan`) VALUES
(59, 'nguyenhuutri1620vn', 'nguyenhuutri1620vn@gmail.com', '478951236', 943421511, 'Thủ Dầu Một'),
(60, 'Nguyen Thi Manh Cuong', 'mc@gmail.com', '478951236', 943421511, 'Truong DH TDM');

-- --------------------------------------------------------

--
-- Cấu trúc bảng cho bảng `gallery`
--

CREATE TABLE `gallery` (
  `id_gallery` int(11) NOT NULL,
  `id_sp` int(11) NOT NULL,
  `hinhanhsp` varchar(255) CHARACTER SET utf8mb4 COLLATE utf8mb4_vietnamese_ci NOT NULL
) ENGINE=InnoDB DEFAULT CHARSET=utf8;

-- --------------------------------------------------------

--
-- Cấu trúc bảng cho bảng `hieusp`
--

CREATE TABLE `hieusp` (
  `idhieusp` int(11) NOT NULL,
  `tenhieusp` varchar(255) CHARACTER SET utf8mb4 COLLATE utf8mb4_vietnamese_ci NOT NULL,
  `tinhtrang` varchar(100) CHARACTER SET utf8mb4 COLLATE utf8mb4_vietnamese_ci NOT NULL
) ENGINE=InnoDB DEFAULT CHARSET=utf8;

--
-- Đang đổ dữ liệu cho bảng `hieusp`
--

INSERT INTO `hieusp` (`idhieusp`, `tenhieusp`, `tinhtrang`) VALUES
(15, 'MSI', '1'),
(16, 'TOSHIBA', '1'),
(17, 'ASUS', '1'),
(18, 'SAMSUNG', '1'),
(19, 'HP', '1'),
(20, 'ACER', '1'),
(21, 'DELL', '1'),
(22, 'SONY VAIO', '1'),
(23, 'LENOVO', '1'),
(24, 'APPLE', '1'),
(25, 'KHÁC', '1');

-- --------------------------------------------------------

--
-- Cấu trúc bảng cho bảng `loaisp`
--

CREATE TABLE `loaisp` (
  `idloaisp` int(11) NOT NULL,
  `tenloaisp` varchar(255) CHARACTER SET utf8mb4 COLLATE utf8mb4_vietnamese_ci NOT NULL,
  `tinhtrang` varchar(100) CHARACTER SET utf8mb4 COLLATE utf8mb4_vietnamese_ci NOT NULL
) ENGINE=InnoDB DEFAULT CHARSET=utf8;

--
-- Đang đổ dữ liệu cho bảng `loaisp`
--

INSERT INTO `loaisp` (`idloaisp`, `tenloaisp`, `tinhtrang`) VALUES
(26, 'RAM - BỘ NHỚ TRONG', '1'),
(27, 'SSD - Ổ CỨNG THỂ RẮN', '1'),
(28, 'HDD - Ổ CỨNG', '1'),
(29, 'PSU - NGUỒN MÁY TÍNH', '1'),
(30, 'CASE - VỎ MÁY TÍNH', '1'),
(31, 'MONITOR - MÀN HÌNH MÁY TÍNH', '1'),
(32, 'MOUSE - CHUỘT MÁY TÍNH', '1'),
(33, 'KEYBOARD - BÀN PHÍM ', '1'),
(34, 'CARD ĐỒ HỌA', '1'),
(35, 'KHÁC', '1'),
(36, 'MAINBOARD - BO MẠCH CHỦ', '1'),
(37, 'CPU', '1'),
(38, 'DESKTOP - MÀN HÌNH', '1');

-- --------------------------------------------------------

--
-- Cấu trúc bảng cho bảng `sanpham`
--

CREATE TABLE `sanpham` (
  `idsanpham` int(11) NOT NULL,
  `tensp` varchar(255) CHARACTER SET utf8mb4 COLLATE utf8mb4_vietnamese_ci NOT NULL,
  `masp` varchar(255) CHARACTER SET utf8mb4 COLLATE utf8mb4_vietnamese_ci NOT NULL,
  `hinhanh` varchar(100) CHARACTER SET utf8mb4 COLLATE utf8mb4_vietnamese_ci NOT NULL,
  `giadexuat` float NOT NULL,
  `giagiam` float NOT NULL,
  `soluong` int(11) NOT NULL,
  `loaisp` int(11) NOT NULL,
  `nhasx` int(11) NOT NULL,
  `tinhtrang` varchar(100) CHARACTER SET utf8mb4 COLLATE utf8mb4_vietnamese_ci NOT NULL,
  `noidung` longtext CHARACTER SET utf8mb4 COLLATE utf8mb4_vietnamese_ci NOT NULL
) ENGINE=InnoDB DEFAULT CHARSET=utf8;

--
-- Đang đổ dữ liệu cho bảng `sanpham`
--

INSERT INTO `sanpham` (`idsanpham`, `tensp`, `masp`, `hinhanh`, `giadexuat`, `giagiam`, `soluong`, `loaisp`, `nhasx`, `tinhtrang`, `noidung`) VALUES
(90, 'Bàn phím Logitech', 'bp01', '250_6851_ba__n_phi__m_logitech_k120_usb_1_1.png', 70000, 20000, 50, 33, 25, '1', '<p><span style=\"color: #242424; font-family: Roboto, Helvetica, Arial, sans-serif; text-align: justify;\">Nhỏ gọn nhẹ, dễ d&agrave;ng mang theo.</span><br style=\"box-sizing: border-box; color: #242424; font-family: Roboto, Helvetica, Arial, sans-serif; text-align: justify;\" /><span style=\"color: #242424; font-family: Roboto, Helvetica, Arial, sans-serif; text-align: justify;\">Kết nối kh&ocirc;ng d&acirc;y tiện lợi.</span><br style=\"box-sizing: border-box; color: #242424; font-family: Roboto, Helvetica, Arial, sans-serif; text-align: justify;\" /><span style=\"color: #242424; font-family: Roboto, Helvetica, Arial, sans-serif; text-align: justify;\">Thiết kế đẹp, bền, c&ocirc;ng tắc cơ học (Switch) độ bền 50 triệu lần nhấn.</span><br style=\"box-sizing: border-box; color: #242424; font-family: Roboto, Helvetica, Arial, sans-serif; text-align: justify;\" /><span style=\"color: #242424; font-family: Roboto, Helvetica, Arial, sans-serif; text-align: justify;\">Trải nghiệm l&agrave;m việc v&agrave; chơi game tuyệt vời.</span><br style=\"box-sizing: border-box; color: #242424; font-family: Roboto, Helvetica, Arial, sans-serif; text-align: justify;\" /><span style=\"color: #242424; font-family: Roboto, Helvetica, Arial, sans-serif; text-align: justify;\">Pin bền: 8-10 tiếng hoạt động li&ecirc;n tục, đủ cho 1 ng&agrave;y l&agrave;m việc của bạn.</span><br style=\"box-sizing: border-box; color: #242424; font-family: Roboto, Helvetica, Arial, sans-serif; text-align: justify;\" /><span style=\"color: #242424; font-family: Roboto, Helvetica, Arial, sans-serif; text-align: justify;\">Ph&iacute;m: ABS Double Shot</span><br style=\"box-sizing: border-box; color: #242424; font-family: Roboto, Helvetica, Arial, sans-serif; text-align: justify;\" /><span style=\"color: #242424; font-family: Roboto, Helvetica, Arial, sans-serif; text-align: justify;\">Chip Bluetooth: Broadcom (kết nối nhanh, độ trễ thấp, tiết kiệm điện)</span><br style=\"box-sizing: border-box; color: #242424; font-family: Roboto, Helvetica, Arial, sans-serif; text-align: justify;\" /><span style=\"color: #242424; font-family: Roboto, Helvetica, Arial, sans-serif; text-align: justify;\">M&agrave;u sắc: Trắng đ&egrave;n nền xanh/ Đen đ&egrave;n nền v&agrave;ng</span><br style=\"box-sizing: border-box; color: #242424; font-family: Roboto, Helvetica, Arial, sans-serif; text-align: justify;\" /><span style=\"color: #242424; font-family: Roboto, Helvetica, Arial, sans-serif; text-align: justify;\">Loại Switch: Blue Switch</span></p>'),
(91, 'Bàn phím Fuhen', 'bp02', '250_16804-b--n-ph--m-m--y-t--nh-fuhlen-l411-1-1.jpg', 120000, 200000, 50, 33, 25, '1', '<p><span style=\"color: #242424; font-family: Roboto, Helvetica, Arial, sans-serif; text-align: justify;\">Nhỏ gọn nhẹ, dễ d&agrave;ng mang theo.</span><br style=\"box-sizing: border-box; color: #242424; font-family: Roboto, Helvetica, Arial, sans-serif; text-align: justify;\" /><span style=\"color: #242424; font-family: Roboto, Helvetica, Arial, sans-serif; text-align: justify;\">Kết nối kh&ocirc;ng d&acirc;y tiện lợi.</span><br style=\"box-sizing: border-box; color: #242424; font-family: Roboto, Helvetica, Arial, sans-serif; text-align: justify;\" /><span style=\"color: #242424; font-family: Roboto, Helvetica, Arial, sans-serif; text-align: justify;\">Thiết kế đẹp, bền, c&ocirc;ng tắc cơ học (Switch) độ bền 50 triệu lần nhấn.</span><br style=\"box-sizing: border-box; color: #242424; font-family: Roboto, Helvetica, Arial, sans-serif; text-align: justify;\" /><span style=\"color: #242424; font-family: Roboto, Helvetica, Arial, sans-serif; text-align: justify;\">Trải nghiệm l&agrave;m việc v&agrave; chơi game tuyệt vời.</span><br style=\"box-sizing: border-box; color: #242424; font-family: Roboto, Helvetica, Arial, sans-serif; text-align: justify;\" /><span style=\"color: #242424; font-family: Roboto, Helvetica, Arial, sans-serif; text-align: justify;\">Pin bền: 8-10 tiếng hoạt động li&ecirc;n tục, đủ cho 1 ng&agrave;y l&agrave;m việc của bạn.</span><br style=\"box-sizing: border-box; color: #242424; font-family: Roboto, Helvetica, Arial, sans-serif; text-align: justify;\" /><span style=\"color: #242424; font-family: Roboto, Helvetica, Arial, sans-serif; text-align: justify;\">Ph&iacute;m: ABS Double Shot</span><br style=\"box-sizing: border-box; color: #242424; font-family: Roboto, Helvetica, Arial, sans-serif; text-align: justify;\" /><span style=\"color: #242424; font-family: Roboto, Helvetica, Arial, sans-serif; text-align: justify;\">Chip Bluetooth: Broadcom (kết nối nhanh, độ trễ thấp, tiết kiệm điện)</span><br style=\"box-sizing: border-box; color: #242424; font-family: Roboto, Helvetica, Arial, sans-serif; text-align: justify;\" /><span style=\"color: #242424; font-family: Roboto, Helvetica, Arial, sans-serif; text-align: justify;\">M&agrave;u sắc: Trắng đ&egrave;n nền xanh/ Đen đ&egrave;n nền v&agrave;ng</span><br style=\"box-sizing: border-box; color: #242424; font-family: Roboto, Helvetica, Arial, sans-serif; text-align: justify;\" /><span style=\"color: #242424; font-family: Roboto, Helvetica, Arial, sans-serif; text-align: justify;\">Loại Switch: Blue Switch</span></p>'),
(92, 'Bàn phím Kenoo', 'bp03', '250_38548_kenoo_9100k_ha1.jpg', 150000, 120000, 50, 33, 25, '1', '<p><span style=\"color: #242424; font-family: Roboto, Helvetica, Arial, sans-serif; text-align: justify;\">Nhỏ gọn nhẹ, dễ d&agrave;ng mang theo.</span><br style=\"box-sizing: border-box; color: #242424; font-family: Roboto, Helvetica, Arial, sans-serif; text-align: justify;\" /><span style=\"color: #242424; font-family: Roboto, Helvetica, Arial, sans-serif; text-align: justify;\">Kết nối kh&ocirc;ng d&acirc;y tiện lợi.</span><br style=\"box-sizing: border-box; color: #242424; font-family: Roboto, Helvetica, Arial, sans-serif; text-align: justify;\" /><span style=\"color: #242424; font-family: Roboto, Helvetica, Arial, sans-serif; text-align: justify;\">Thiết kế đẹp, bền, c&ocirc;ng tắc cơ học (Switch) độ bền 50 triệu lần nhấn.</span><br style=\"box-sizing: border-box; color: #242424; font-family: Roboto, Helvetica, Arial, sans-serif; text-align: justify;\" /><span style=\"color: #242424; font-family: Roboto, Helvetica, Arial, sans-serif; text-align: justify;\">Trải nghiệm l&agrave;m việc v&agrave; chơi game tuyệt vời.</span><br style=\"box-sizing: border-box; color: #242424; font-family: Roboto, Helvetica, Arial, sans-serif; text-align: justify;\" /><span style=\"color: #242424; font-family: Roboto, Helvetica, Arial, sans-serif; text-align: justify;\">Pin bền: 8-10 tiếng hoạt động li&ecirc;n tục, đủ cho 1 ng&agrave;y l&agrave;m việc của bạn.</span><br style=\"box-sizing: border-box; color: #242424; font-family: Roboto, Helvetica, Arial, sans-serif; text-align: justify;\" /><span style=\"color: #242424; font-family: Roboto, Helvetica, Arial, sans-serif; text-align: justify;\">Ph&iacute;m: ABS Double Shot</span><br style=\"box-sizing: border-box; color: #242424; font-family: Roboto, Helvetica, Arial, sans-serif; text-align: justify;\" /><span style=\"color: #242424; font-family: Roboto, Helvetica, Arial, sans-serif; text-align: justify;\">Chip Bluetooth: Broadcom (kết nối nhanh, độ trễ thấp, tiết kiệm điện)</span><br style=\"box-sizing: border-box; color: #242424; font-family: Roboto, Helvetica, Arial, sans-serif; text-align: justify;\" /><span style=\"color: #242424; font-family: Roboto, Helvetica, Arial, sans-serif; text-align: justify;\">M&agrave;u sắc: Trắng đ&egrave;n nền xanh/ Đen đ&egrave;n nền v&agrave;ng</span><br style=\"box-sizing: border-box; color: #242424; font-family: Roboto, Helvetica, Arial, sans-serif; text-align: justify;\" /><span style=\"color: #242424; font-family: Roboto, Helvetica, Arial, sans-serif; text-align: justify;\">Loại Switch: Blue Switch</span></p>'),
(93, 'Bàn phím Meetion', 'bp04', '250_38963_meetion_k202_h1.png', 200000, 180000, 50, 33, 25, '1', '<p><span style=\"color: #242424; font-family: Roboto, Helvetica, Arial, sans-serif; text-align: justify;\">Nhỏ gọn nhẹ, dễ d&agrave;ng mang theo.</span><br style=\"box-sizing: border-box; color: #242424; font-family: Roboto, Helvetica, Arial, sans-serif; text-align: justify;\" /><span style=\"color: #242424; font-family: Roboto, Helvetica, Arial, sans-serif; text-align: justify;\">Kết nối kh&ocirc;ng d&acirc;y tiện lợi.</span><br style=\"box-sizing: border-box; color: #242424; font-family: Roboto, Helvetica, Arial, sans-serif; text-align: justify;\" /><span style=\"color: #242424; font-family: Roboto, Helvetica, Arial, sans-serif; text-align: justify;\">Thiết kế đẹp, bền, c&ocirc;ng tắc cơ học (Switch) độ bền 50 triệu lần nhấn.</span><br style=\"box-sizing: border-box; color: #242424; font-family: Roboto, Helvetica, Arial, sans-serif; text-align: justify;\" /><span style=\"color: #242424; font-family: Roboto, Helvetica, Arial, sans-serif; text-align: justify;\">Trải nghiệm l&agrave;m việc v&agrave; chơi game tuyệt vời.</span><br style=\"box-sizing: border-box; color: #242424; font-family: Roboto, Helvetica, Arial, sans-serif; text-align: justify;\" /><span style=\"color: #242424; font-family: Roboto, Helvetica, Arial, sans-serif; text-align: justify;\">Pin bền: 8-10 tiếng hoạt động li&ecirc;n tục, đủ cho 1 ng&agrave;y l&agrave;m việc của bạn.</span><br style=\"box-sizing: border-box; color: #242424; font-family: Roboto, Helvetica, Arial, sans-serif; text-align: justify;\" /><span style=\"color: #242424; font-family: Roboto, Helvetica, Arial, sans-serif; text-align: justify;\">Ph&iacute;m: ABS Double Shot</span><br style=\"box-sizing: border-box; color: #242424; font-family: Roboto, Helvetica, Arial, sans-serif; text-align: justify;\" /><span style=\"color: #242424; font-family: Roboto, Helvetica, Arial, sans-serif; text-align: justify;\">Chip Bluetooth: Broadcom (kết nối nhanh, độ trễ thấp, tiết kiệm điện)</span><br style=\"box-sizing: border-box; color: #242424; font-family: Roboto, Helvetica, Arial, sans-serif; text-align: justify;\" /><span style=\"color: #242424; font-family: Roboto, Helvetica, Arial, sans-serif; text-align: justify;\">M&agrave;u sắc: Trắng đ&egrave;n nền xanh/ Đen đ&egrave;n nền v&agrave;ng</span><br style=\"box-sizing: border-box; color: #242424; font-family: Roboto, Helvetica, Arial, sans-serif; text-align: justify;\" /><span style=\"color: #242424; font-family: Roboto, Helvetica, Arial, sans-serif; text-align: justify;\">Loại Switch: Blue Switch</span></p>'),
(94, 'Bàn phím 380', 'np05', 'banphim380.jpg', 380000, 350000, 50, 33, 25, '1', '<p><span style=\"color: #242424; font-family: Roboto, Helvetica, Arial, sans-serif; text-align: justify;\">Nhỏ gọn nhẹ, dễ d&agrave;ng mang theo.</span><br style=\"box-sizing: border-box; color: #242424; font-family: Roboto, Helvetica, Arial, sans-serif; text-align: justify;\" /><span style=\"color: #242424; font-family: Roboto, Helvetica, Arial, sans-serif; text-align: justify;\">Kết nối kh&ocirc;ng d&acirc;y tiện lợi.</span><br style=\"box-sizing: border-box; color: #242424; font-family: Roboto, Helvetica, Arial, sans-serif; text-align: justify;\" /><span style=\"color: #242424; font-family: Roboto, Helvetica, Arial, sans-serif; text-align: justify;\">Thiết kế đẹp, bền, c&ocirc;ng tắc cơ học (Switch) độ bền 50 triệu lần nhấn.</span><br style=\"box-sizing: border-box; color: #242424; font-family: Roboto, Helvetica, Arial, sans-serif; text-align: justify;\" /><span style=\"color: #242424; font-family: Roboto, Helvetica, Arial, sans-serif; text-align: justify;\">Trải nghiệm l&agrave;m việc v&agrave; chơi game tuyệt vời.</span><br style=\"box-sizing: border-box; color: #242424; font-family: Roboto, Helvetica, Arial, sans-serif; text-align: justify;\" /><span style=\"color: #242424; font-family: Roboto, Helvetica, Arial, sans-serif; text-align: justify;\">Pin bền: 8-10 tiếng hoạt động li&ecirc;n tục, đủ cho 1 ng&agrave;y l&agrave;m việc của bạn.</span><br style=\"box-sizing: border-box; color: #242424; font-family: Roboto, Helvetica, Arial, sans-serif; text-align: justify;\" /><span style=\"color: #242424; font-family: Roboto, Helvetica, Arial, sans-serif; text-align: justify;\">Ph&iacute;m: ABS Double Shot</span><br style=\"box-sizing: border-box; color: #242424; font-family: Roboto, Helvetica, Arial, sans-serif; text-align: justify;\" /><span style=\"color: #242424; font-family: Roboto, Helvetica, Arial, sans-serif; text-align: justify;\">Chip Bluetooth: Broadcom (kết nối nhanh, độ trễ thấp, tiết kiệm điện)</span><br style=\"box-sizing: border-box; color: #242424; font-family: Roboto, Helvetica, Arial, sans-serif; text-align: justify;\" /><span style=\"color: #242424; font-family: Roboto, Helvetica, Arial, sans-serif; text-align: justify;\">M&agrave;u sắc: Trắng đ&egrave;n nền xanh/ Đen đ&egrave;n nền v&agrave;ng</span><br style=\"box-sizing: border-box; color: #242424; font-family: Roboto, Helvetica, Arial, sans-serif; text-align: justify;\" /><span style=\"color: #242424; font-family: Roboto, Helvetica, Arial, sans-serif; text-align: justify;\">Loại Switch: Blue Switch</span></p>'),
(95, 'Bàn phím laptop 390', 'bp06', 'banphimlaptop390.jpg', 390000, 350000, 50, 33, 25, '1', '<p><span style=\"color: #242424; font-family: Roboto, Helvetica, Arial, sans-serif; text-align: justify;\">Nhỏ gọn nhẹ, dễ d&agrave;ng mang theo.</span><br style=\"box-sizing: border-box; color: #242424; font-family: Roboto, Helvetica, Arial, sans-serif; text-align: justify;\" /><span style=\"color: #242424; font-family: Roboto, Helvetica, Arial, sans-serif; text-align: justify;\">Kết nối kh&ocirc;ng d&acirc;y tiện lợi.</span><br style=\"box-sizing: border-box; color: #242424; font-family: Roboto, Helvetica, Arial, sans-serif; text-align: justify;\" /><span style=\"color: #242424; font-family: Roboto, Helvetica, Arial, sans-serif; text-align: justify;\">Thiết kế đẹp, bền, c&ocirc;ng tắc cơ học (Switch) độ bền 50 triệu lần nhấn.</span><br style=\"box-sizing: border-box; color: #242424; font-family: Roboto, Helvetica, Arial, sans-serif; text-align: justify;\" /><span style=\"color: #242424; font-family: Roboto, Helvetica, Arial, sans-serif; text-align: justify;\">Trải nghiệm l&agrave;m việc v&agrave; chơi game tuyệt vời.</span><br style=\"box-sizing: border-box; color: #242424; font-family: Roboto, Helvetica, Arial, sans-serif; text-align: justify;\" /><span style=\"color: #242424; font-family: Roboto, Helvetica, Arial, sans-serif; text-align: justify;\">Pin bền: 8-10 tiếng hoạt động li&ecirc;n tục, đủ cho 1 ng&agrave;y l&agrave;m việc của bạn.</span><br style=\"box-sizing: border-box; color: #242424; font-family: Roboto, Helvetica, Arial, sans-serif; text-align: justify;\" /><span style=\"color: #242424; font-family: Roboto, Helvetica, Arial, sans-serif; text-align: justify;\">Ph&iacute;m: ABS Double Shot</span><br style=\"box-sizing: border-box; color: #242424; font-family: Roboto, Helvetica, Arial, sans-serif; text-align: justify;\" /><span style=\"color: #242424; font-family: Roboto, Helvetica, Arial, sans-serif; text-align: justify;\">Chip Bluetooth: Broadcom (kết nối nhanh, độ trễ thấp, tiết kiệm điện)</span><br style=\"box-sizing: border-box; color: #242424; font-family: Roboto, Helvetica, Arial, sans-serif; text-align: justify;\" /><span style=\"color: #242424; font-family: Roboto, Helvetica, Arial, sans-serif; text-align: justify;\">M&agrave;u sắc: Trắng đ&egrave;n nền xanh/ Đen đ&egrave;n nền v&agrave;ng</span><br style=\"box-sizing: border-box; color: #242424; font-family: Roboto, Helvetica, Arial, sans-serif; text-align: justify;\" /><span style=\"color: #242424; font-family: Roboto, Helvetica, Arial, sans-serif; text-align: justify;\">Loại Switch: Blue Switch</span></p>'),
(96, 'Bàn phím lenovo 249', 'bp07', 'banphimlenovo 249.jpg', 290000, 249999, 50, 33, 23, '1', '<p><span style=\"color: #242424; font-family: Roboto, Helvetica, Arial, sans-serif; text-align: justify;\">Nhỏ gọn nhẹ, dễ d&agrave;ng mang theo.</span><br style=\"box-sizing: border-box; color: #242424; font-family: Roboto, Helvetica, Arial, sans-serif; text-align: justify;\" /><span style=\"color: #242424; font-family: Roboto, Helvetica, Arial, sans-serif; text-align: justify;\">Kết nối kh&ocirc;ng d&acirc;y tiện lợi.</span><br style=\"box-sizing: border-box; color: #242424; font-family: Roboto, Helvetica, Arial, sans-serif; text-align: justify;\" /><span style=\"color: #242424; font-family: Roboto, Helvetica, Arial, sans-serif; text-align: justify;\">Thiết kế đẹp, bền, c&ocirc;ng tắc cơ học (Switch) độ bền 50 triệu lần nhấn.</span><br style=\"box-sizing: border-box; color: #242424; font-family: Roboto, Helvetica, Arial, sans-serif; text-align: justify;\" /><span style=\"color: #242424; font-family: Roboto, Helvetica, Arial, sans-serif; text-align: justify;\">Trải nghiệm l&agrave;m việc v&agrave; chơi game tuyệt vời.</span><br style=\"box-sizing: border-box; color: #242424; font-family: Roboto, Helvetica, Arial, sans-serif; text-align: justify;\" /><span style=\"color: #242424; font-family: Roboto, Helvetica, Arial, sans-serif; text-align: justify;\">Pin bền: 8-10 tiếng hoạt động li&ecirc;n tục, đủ cho 1 ng&agrave;y l&agrave;m việc của bạn.</span><br style=\"box-sizing: border-box; color: #242424; font-family: Roboto, Helvetica, Arial, sans-serif; text-align: justify;\" /><span style=\"color: #242424; font-family: Roboto, Helvetica, Arial, sans-serif; text-align: justify;\">Ph&iacute;m: ABS Double Shot</span><br style=\"box-sizing: border-box; color: #242424; font-family: Roboto, Helvetica, Arial, sans-serif; text-align: justify;\" /><span style=\"color: #242424; font-family: Roboto, Helvetica, Arial, sans-serif; text-align: justify;\">Chip Bluetooth: Broadcom (kết nối nhanh, độ trễ thấp, tiết kiệm điện)</span><br style=\"box-sizing: border-box; color: #242424; font-family: Roboto, Helvetica, Arial, sans-serif; text-align: justify;\" /><span style=\"color: #242424; font-family: Roboto, Helvetica, Arial, sans-serif; text-align: justify;\">M&agrave;u sắc: Trắng đ&egrave;n nền xanh/ Đen đ&egrave;n nền v&agrave;ng</span><br style=\"box-sizing: border-box; color: #242424; font-family: Roboto, Helvetica, Arial, sans-serif; text-align: justify;\" /><span style=\"color: #242424; font-family: Roboto, Helvetica, Arial, sans-serif; text-align: justify;\">Loại Switch: Blue Switch</span></p>'),
(97, 'Bàn phím Lenovo 500', 'bp05', 'banphimLenovo500.jpg', 550000, 500000, 50, 33, 23, '1', '<p><span style=\"color: #242424; font-family: Roboto, Helvetica, Arial, sans-serif; text-align: justify;\">Nhỏ gọn nhẹ, dễ d&agrave;ng mang theo.</span><br style=\"box-sizing: border-box; color: #242424; font-family: Roboto, Helvetica, Arial, sans-serif; text-align: justify;\" /><span style=\"color: #242424; font-family: Roboto, Helvetica, Arial, sans-serif; text-align: justify;\">Kết nối kh&ocirc;ng d&acirc;y tiện lợi.</span><br style=\"box-sizing: border-box; color: #242424; font-family: Roboto, Helvetica, Arial, sans-serif; text-align: justify;\" /><span style=\"color: #242424; font-family: Roboto, Helvetica, Arial, sans-serif; text-align: justify;\">Thiết kế đẹp, bền, c&ocirc;ng tắc cơ học (Switch) độ bền 50 triệu lần nhấn.</span><br style=\"box-sizing: border-box; color: #242424; font-family: Roboto, Helvetica, Arial, sans-serif; text-align: justify;\" /><span style=\"color: #242424; font-family: Roboto, Helvetica, Arial, sans-serif; text-align: justify;\">Trải nghiệm l&agrave;m việc v&agrave; chơi game tuyệt vời.</span><br style=\"box-sizing: border-box; color: #242424; font-family: Roboto, Helvetica, Arial, sans-serif; text-align: justify;\" /><span style=\"color: #242424; font-family: Roboto, Helvetica, Arial, sans-serif; text-align: justify;\">Pin bền: 8-10 tiếng hoạt động li&ecirc;n tục, đủ cho 1 ng&agrave;y l&agrave;m việc của bạn.</span><br style=\"box-sizing: border-box; color: #242424; font-family: Roboto, Helvetica, Arial, sans-serif; text-align: justify;\" /><span style=\"color: #242424; font-family: Roboto, Helvetica, Arial, sans-serif; text-align: justify;\">Ph&iacute;m: ABS Double Shot</span><br style=\"box-sizing: border-box; color: #242424; font-family: Roboto, Helvetica, Arial, sans-serif; text-align: justify;\" /><span style=\"color: #242424; font-family: Roboto, Helvetica, Arial, sans-serif; text-align: justify;\">Chip Bluetooth: Broadcom (kết nối nhanh, độ trễ thấp, tiết kiệm điện)</span><br style=\"box-sizing: border-box; color: #242424; font-family: Roboto, Helvetica, Arial, sans-serif; text-align: justify;\" /><span style=\"color: #242424; font-family: Roboto, Helvetica, Arial, sans-serif; text-align: justify;\">M&agrave;u sắc: Trắng đ&egrave;n nền xanh/ Đen đ&egrave;n nền v&agrave;ng</span><br style=\"box-sizing: border-box; color: #242424; font-family: Roboto, Helvetica, Arial, sans-serif; text-align: justify;\" /><span style=\"color: #242424; font-family: Roboto, Helvetica, Arial, sans-serif; text-align: justify;\">Loại Switch: Blue Switch</span></p>'),
(98, 'Bàn phím Sony Vaio', 'bp08', 'banphimsony360.jpg', 360000, 330000, 50, 33, 22, '1', '<p><span style=\"color: #242424; font-family: Roboto, Helvetica, Arial, sans-serif; text-align: justify;\">Nhỏ gọn nhẹ, dễ d&agrave;ng mang theo.</span><br style=\"box-sizing: border-box; color: #242424; font-family: Roboto, Helvetica, Arial, sans-serif; text-align: justify;\" /><span style=\"color: #242424; font-family: Roboto, Helvetica, Arial, sans-serif; text-align: justify;\">Kết nối kh&ocirc;ng d&acirc;y tiện lợi.</span><br style=\"box-sizing: border-box; color: #242424; font-family: Roboto, Helvetica, Arial, sans-serif; text-align: justify;\" /><span style=\"color: #242424; font-family: Roboto, Helvetica, Arial, sans-serif; text-align: justify;\">Thiết kế đẹp, bền, c&ocirc;ng tắc cơ học (Switch) độ bền 50 triệu lần nhấn.</span><br style=\"box-sizing: border-box; color: #242424; font-family: Roboto, Helvetica, Arial, sans-serif; text-align: justify;\" /><span style=\"color: #242424; font-family: Roboto, Helvetica, Arial, sans-serif; text-align: justify;\">Trải nghiệm l&agrave;m việc v&agrave; chơi game tuyệt vời.</span><br style=\"box-sizing: border-box; color: #242424; font-family: Roboto, Helvetica, Arial, sans-serif; text-align: justify;\" /><span style=\"color: #242424; font-family: Roboto, Helvetica, Arial, sans-serif; text-align: justify;\">Pin bền: 8-10 tiếng hoạt động li&ecirc;n tục, đủ cho 1 ng&agrave;y l&agrave;m việc của bạn.</span><br style=\"box-sizing: border-box; color: #242424; font-family: Roboto, Helvetica, Arial, sans-serif; text-align: justify;\" /><span style=\"color: #242424; font-family: Roboto, Helvetica, Arial, sans-serif; text-align: justify;\">Ph&iacute;m: ABS Double Shot</span><br style=\"box-sizing: border-box; color: #242424; font-family: Roboto, Helvetica, Arial, sans-serif; text-align: justify;\" /><span style=\"color: #242424; font-family: Roboto, Helvetica, Arial, sans-serif; text-align: justify;\">Chip Bluetooth: Broadcom (kết nối nhanh, độ trễ thấp, tiết kiệm điện)</span><br style=\"box-sizing: border-box; color: #242424; font-family: Roboto, Helvetica, Arial, sans-serif; text-align: justify;\" /><span style=\"color: #242424; font-family: Roboto, Helvetica, Arial, sans-serif; text-align: justify;\">M&agrave;u sắc: Trắng đ&egrave;n nền xanh/ Đen đ&egrave;n nền v&agrave;ng</span><br style=\"box-sizing: border-box; color: #242424; font-family: Roboto, Helvetica, Arial, sans-serif; text-align: justify;\" /><span style=\"color: #242424; font-family: Roboto, Helvetica, Arial, sans-serif; text-align: justify;\">Loại Switch: Blue Switch</span></p>'),
(99, 'Bàn phím Sony Vaio 390', 'bp08', 'banphimsony390.jpg', 390000, 380000, 50, 33, 22, '1', '<p><span style=\"color: #242424; font-family: Roboto, Helvetica, Arial, sans-serif; text-align: justify;\">Nhỏ gọn nhẹ, dễ d&agrave;ng mang theo.</span><br style=\"box-sizing: border-box; color: #242424; font-family: Roboto, Helvetica, Arial, sans-serif; text-align: justify;\" /><span style=\"color: #242424; font-family: Roboto, Helvetica, Arial, sans-serif; text-align: justify;\">Kết nối kh&ocirc;ng d&acirc;y tiện lợi.</span><br style=\"box-sizing: border-box; color: #242424; font-family: Roboto, Helvetica, Arial, sans-serif; text-align: justify;\" /><span style=\"color: #242424; font-family: Roboto, Helvetica, Arial, sans-serif; text-align: justify;\">Thiết kế đẹp, bền, c&ocirc;ng tắc cơ học (Switch) độ bền 50 triệu lần nhấn.</span><br style=\"box-sizing: border-box; color: #242424; font-family: Roboto, Helvetica, Arial, sans-serif; text-align: justify;\" /><span style=\"color: #242424; font-family: Roboto, Helvetica, Arial, sans-serif; text-align: justify;\">Trải nghiệm l&agrave;m việc v&agrave; chơi game tuyệt vời.</span><br style=\"box-sizing: border-box; color: #242424; font-family: Roboto, Helvetica, Arial, sans-serif; text-align: justify;\" /><span style=\"color: #242424; font-family: Roboto, Helvetica, Arial, sans-serif; text-align: justify;\">Pin bền: 8-10 tiếng hoạt động li&ecirc;n tục, đủ cho 1 ng&agrave;y l&agrave;m việc của bạn.</span><br style=\"box-sizing: border-box; color: #242424; font-family: Roboto, Helvetica, Arial, sans-serif; text-align: justify;\" /><span style=\"color: #242424; font-family: Roboto, Helvetica, Arial, sans-serif; text-align: justify;\">Ph&iacute;m: ABS Double Shot</span><br style=\"box-sizing: border-box; color: #242424; font-family: Roboto, Helvetica, Arial, sans-serif; text-align: justify;\" /><span style=\"color: #242424; font-family: Roboto, Helvetica, Arial, sans-serif; text-align: justify;\">Chip Bluetooth: Broadcom (kết nối nhanh, độ trễ thấp, tiết kiệm điện)</span><br style=\"box-sizing: border-box; color: #242424; font-family: Roboto, Helvetica, Arial, sans-serif; text-align: justify;\" /><span style=\"color: #242424; font-family: Roboto, Helvetica, Arial, sans-serif; text-align: justify;\">M&agrave;u sắc: Trắng đ&egrave;n nền xanh/ Đen đ&egrave;n nền v&agrave;ng</span><br style=\"box-sizing: border-box; color: #242424; font-family: Roboto, Helvetica, Arial, sans-serif; text-align: justify;\" /><span style=\"color: #242424; font-family: Roboto, Helvetica, Arial, sans-serif; text-align: justify;\">Loại Switch: Blue Switch</span></p>'),
(100, 'Bàn phím Sony Vaio 400', 'bp07', 'banphimsony400.jpg', 450000, 400000, 50, 33, 22, '1', '<p><span style=\"color: #242424; font-family: Roboto, Helvetica, Arial, sans-serif; text-align: justify;\">Nhỏ gọn nhẹ, dễ d&agrave;ng mang theo.</span><br style=\"box-sizing: border-box; color: #242424; font-family: Roboto, Helvetica, Arial, sans-serif; text-align: justify;\" /><span style=\"color: #242424; font-family: Roboto, Helvetica, Arial, sans-serif; text-align: justify;\">Kết nối kh&ocirc;ng d&acirc;y tiện lợi.</span><br style=\"box-sizing: border-box; color: #242424; font-family: Roboto, Helvetica, Arial, sans-serif; text-align: justify;\" /><span style=\"color: #242424; font-family: Roboto, Helvetica, Arial, sans-serif; text-align: justify;\">Thiết kế đẹp, bền, c&ocirc;ng tắc cơ học (Switch) độ bền 50 triệu lần nhấn.</span><br style=\"box-sizing: border-box; color: #242424; font-family: Roboto, Helvetica, Arial, sans-serif; text-align: justify;\" /><span style=\"color: #242424; font-family: Roboto, Helvetica, Arial, sans-serif; text-align: justify;\">Trải nghiệm l&agrave;m việc v&agrave; chơi game tuyệt vời.</span><br style=\"box-sizing: border-box; color: #242424; font-family: Roboto, Helvetica, Arial, sans-serif; text-align: justify;\" /><span style=\"color: #242424; font-family: Roboto, Helvetica, Arial, sans-serif; text-align: justify;\">Pin bền: 8-10 tiếng hoạt động li&ecirc;n tục, đủ cho 1 ng&agrave;y l&agrave;m việc của bạn.</span><br style=\"box-sizing: border-box; color: #242424; font-family: Roboto, Helvetica, Arial, sans-serif; text-align: justify;\" /><span style=\"color: #242424; font-family: Roboto, Helvetica, Arial, sans-serif; text-align: justify;\">Ph&iacute;m: ABS Double Shot</span><br style=\"box-sizing: border-box; color: #242424; font-family: Roboto, Helvetica, Arial, sans-serif; text-align: justify;\" /><span style=\"color: #242424; font-family: Roboto, Helvetica, Arial, sans-serif; text-align: justify;\">Chip Bluetooth: Broadcom (kết nối nhanh, độ trễ thấp, tiết kiệm điện)</span><br style=\"box-sizing: border-box; color: #242424; font-family: Roboto, Helvetica, Arial, sans-serif; text-align: justify;\" /><span style=\"color: #242424; font-family: Roboto, Helvetica, Arial, sans-serif; text-align: justify;\">M&agrave;u sắc: Trắng đ&egrave;n nền xanh/ Đen đ&egrave;n nền v&agrave;ng</span><br style=\"box-sizing: border-box; color: #242424; font-family: Roboto, Helvetica, Arial, sans-serif; text-align: justify;\" /><span style=\"color: #242424; font-family: Roboto, Helvetica, Arial, sans-serif; text-align: justify;\">Loại Switch: Blue Switch</span></p>'),
(101, 'Bàn phím SamSung 340', 'bp09', 'bpss340.jpg', 350000, 340000, 50, 33, 18, '1', '<p><span style=\"color: #242424; font-family: Roboto, Helvetica, Arial, sans-serif; text-align: justify;\">Nhỏ gọn nhẹ, dễ d&agrave;ng mang theo.</span><br style=\"box-sizing: border-box; color: #242424; font-family: Roboto, Helvetica, Arial, sans-serif; text-align: justify;\" /><span style=\"color: #242424; font-family: Roboto, Helvetica, Arial, sans-serif; text-align: justify;\">Kết nối kh&ocirc;ng d&acirc;y tiện lợi.</span><br style=\"box-sizing: border-box; color: #242424; font-family: Roboto, Helvetica, Arial, sans-serif; text-align: justify;\" /><span style=\"color: #242424; font-family: Roboto, Helvetica, Arial, sans-serif; text-align: justify;\">Thiết kế đẹp, bền, c&ocirc;ng tắc cơ học (Switch) độ bền 50 triệu lần nhấn.</span><br style=\"box-sizing: border-box; color: #242424; font-family: Roboto, Helvetica, Arial, sans-serif; text-align: justify;\" /><span style=\"color: #242424; font-family: Roboto, Helvetica, Arial, sans-serif; text-align: justify;\">Trải nghiệm l&agrave;m việc v&agrave; chơi game tuyệt vời.</span><br style=\"box-sizing: border-box; color: #242424; font-family: Roboto, Helvetica, Arial, sans-serif; text-align: justify;\" /><span style=\"color: #242424; font-family: Roboto, Helvetica, Arial, sans-serif; text-align: justify;\">Pin bền: 8-10 tiếng hoạt động li&ecirc;n tục, đủ cho 1 ng&agrave;y l&agrave;m việc của bạn.</span><br style=\"box-sizing: border-box; color: #242424; font-family: Roboto, Helvetica, Arial, sans-serif; text-align: justify;\" /><span style=\"color: #242424; font-family: Roboto, Helvetica, Arial, sans-serif; text-align: justify;\">Ph&iacute;m: ABS Double Shot</span><br style=\"box-sizing: border-box; color: #242424; font-family: Roboto, Helvetica, Arial, sans-serif; text-align: justify;\" /><span style=\"color: #242424; font-family: Roboto, Helvetica, Arial, sans-serif; text-align: justify;\">Chip Bluetooth: Broadcom (kết nối nhanh, độ trễ thấp, tiết kiệm điện)</span><br style=\"box-sizing: border-box; color: #242424; font-family: Roboto, Helvetica, Arial, sans-serif; text-align: justify;\" /><span style=\"color: #242424; font-family: Roboto, Helvetica, Arial, sans-serif; text-align: justify;\">M&agrave;u sắc: Trắng đ&egrave;n nền xanh/ Đen đ&egrave;n nền v&agrave;ng</span><br style=\"box-sizing: border-box; color: #242424; font-family: Roboto, Helvetica, Arial, sans-serif; text-align: justify;\" /><span style=\"color: #242424; font-family: Roboto, Helvetica, Arial, sans-serif; text-align: justify;\">Loại Switch: Blue Switch</span></p>'),
(102, 'Bàn phím Toshiba 340', 'bp09', 'bptsb340.jpg', 340000, 320000, 50, 33, 16, '1', '<p><span style=\"color: #242424; font-family: Roboto, Helvetica, Arial, sans-serif; text-align: justify;\">Nhỏ gọn nhẹ, dễ d&agrave;ng mang theo.</span><br style=\"box-sizing: border-box; color: #242424; font-family: Roboto, Helvetica, Arial, sans-serif; text-align: justify;\" /><span style=\"color: #242424; font-family: Roboto, Helvetica, Arial, sans-serif; text-align: justify;\">Kết nối kh&ocirc;ng d&acirc;y tiện lợi.</span><br style=\"box-sizing: border-box; color: #242424; font-family: Roboto, Helvetica, Arial, sans-serif; text-align: justify;\" /><span style=\"color: #242424; font-family: Roboto, Helvetica, Arial, sans-serif; text-align: justify;\">Thiết kế đẹp, bền, c&ocirc;ng tắc cơ học (Switch) độ bền 50 triệu lần nhấn.</span><br style=\"box-sizing: border-box; color: #242424; font-family: Roboto, Helvetica, Arial, sans-serif; text-align: justify;\" /><span style=\"color: #242424; font-family: Roboto, Helvetica, Arial, sans-serif; text-align: justify;\">Trải nghiệm l&agrave;m việc v&agrave; chơi game tuyệt vời.</span><br style=\"box-sizing: border-box; color: #242424; font-family: Roboto, Helvetica, Arial, sans-serif; text-align: justify;\" /><span style=\"color: #242424; font-family: Roboto, Helvetica, Arial, sans-serif; text-align: justify;\">Pin bền: 8-10 tiếng hoạt động li&ecirc;n tục, đủ cho 1 ng&agrave;y l&agrave;m việc của bạn.</span><br style=\"box-sizing: border-box; color: #242424; font-family: Roboto, Helvetica, Arial, sans-serif; text-align: justify;\" /><span style=\"color: #242424; font-family: Roboto, Helvetica, Arial, sans-serif; text-align: justify;\">Ph&iacute;m: ABS Double Shot</span><br style=\"box-sizing: border-box; color: #242424; font-family: Roboto, Helvetica, Arial, sans-serif; text-align: justify;\" /><span style=\"color: #242424; font-family: Roboto, Helvetica, Arial, sans-serif; text-align: justify;\">Chip Bluetooth: Broadcom (kết nối nhanh, độ trễ thấp, tiết kiệm điện)</span><br style=\"box-sizing: border-box; color: #242424; font-family: Roboto, Helvetica, Arial, sans-serif; text-align: justify;\" /><span style=\"color: #242424; font-family: Roboto, Helvetica, Arial, sans-serif; text-align: justify;\">M&agrave;u sắc: Trắng đ&egrave;n nền xanh/ Đen đ&egrave;n nền v&agrave;ng</span><br style=\"box-sizing: border-box; color: #242424; font-family: Roboto, Helvetica, Arial, sans-serif; text-align: justify;\" /><span style=\"color: #242424; font-family: Roboto, Helvetica, Arial, sans-serif; text-align: justify;\">Loại Switch: Blue Switch</span></p>'),
(103, 'Bàn phím Toshiba 350', 'bp10', 'bptsb350.jpg', 350000, 320000, 50, 33, 16, '1', '<p><span style=\"color: #242424; font-family: Roboto, Helvetica, Arial, sans-serif; text-align: justify;\">Nhỏ gọn nhẹ, dễ d&agrave;ng mang theo.</span><br style=\"box-sizing: border-box; color: #242424; font-family: Roboto, Helvetica, Arial, sans-serif; text-align: justify;\" /><span style=\"color: #242424; font-family: Roboto, Helvetica, Arial, sans-serif; text-align: justify;\">Kết nối kh&ocirc;ng d&acirc;y tiện lợi.</span><br style=\"box-sizing: border-box; color: #242424; font-family: Roboto, Helvetica, Arial, sans-serif; text-align: justify;\" /><span style=\"color: #242424; font-family: Roboto, Helvetica, Arial, sans-serif; text-align: justify;\">Thiết kế đẹp, bền, c&ocirc;ng tắc cơ học (Switch) độ bền 50 triệu lần nhấn.</span><br style=\"box-sizing: border-box; color: #242424; font-family: Roboto, Helvetica, Arial, sans-serif; text-align: justify;\" /><span style=\"color: #242424; font-family: Roboto, Helvetica, Arial, sans-serif; text-align: justify;\">Trải nghiệm l&agrave;m việc v&agrave; chơi game tuyệt vời.</span><br style=\"box-sizing: border-box; color: #242424; font-family: Roboto, Helvetica, Arial, sans-serif; text-align: justify;\" /><span style=\"color: #242424; font-family: Roboto, Helvetica, Arial, sans-serif; text-align: justify;\">Pin bền: 8-10 tiếng hoạt động li&ecirc;n tục, đủ cho 1 ng&agrave;y l&agrave;m việc của bạn.</span><br style=\"box-sizing: border-box; color: #242424; font-family: Roboto, Helvetica, Arial, sans-serif; text-align: justify;\" /><span style=\"color: #242424; font-family: Roboto, Helvetica, Arial, sans-serif; text-align: justify;\">Ph&iacute;m: ABS Double Shot</span><br style=\"box-sizing: border-box; color: #242424; font-family: Roboto, Helvetica, Arial, sans-serif; text-align: justify;\" /><span style=\"color: #242424; font-family: Roboto, Helvetica, Arial, sans-serif; text-align: justify;\">Chip Bluetooth: Broadcom (kết nối nhanh, độ trễ thấp, tiết kiệm điện)</span><br style=\"box-sizing: border-box; color: #242424; font-family: Roboto, Helvetica, Arial, sans-serif; text-align: justify;\" /><span style=\"color: #242424; font-family: Roboto, Helvetica, Arial, sans-serif; text-align: justify;\">M&agrave;u sắc: Trắng đ&egrave;n nền xanh/ Đen đ&egrave;n nền v&agrave;ng</span><br style=\"box-sizing: border-box; color: #242424; font-family: Roboto, Helvetica, Arial, sans-serif; text-align: justify;\" /><span style=\"color: #242424; font-family: Roboto, Helvetica, Arial, sans-serif; text-align: justify;\">Loại Switch: Blue Switch</span></p>'),
(104, 'Bàn phím Toshiba 34500', 'bp11', 'bptsb3650.jpg', 3450000, 3200000, 50, 33, 16, '1', '<p><span style=\"color: #242424; font-family: Roboto, Helvetica, Arial, sans-serif; text-align: justify;\">Nhỏ gọn nhẹ, dễ d&agrave;ng mang theo.</span><br style=\"box-sizing: border-box; color: #242424; font-family: Roboto, Helvetica, Arial, sans-serif; text-align: justify;\" /><span style=\"color: #242424; font-family: Roboto, Helvetica, Arial, sans-serif; text-align: justify;\">Kết nối kh&ocirc;ng d&acirc;y tiện lợi.</span><br style=\"box-sizing: border-box; color: #242424; font-family: Roboto, Helvetica, Arial, sans-serif; text-align: justify;\" /><span style=\"color: #242424; font-family: Roboto, Helvetica, Arial, sans-serif; text-align: justify;\">Thiết kế đẹp, bền, c&ocirc;ng tắc cơ học (Switch) độ bền 50 triệu lần nhấn.</span><br style=\"box-sizing: border-box; color: #242424; font-family: Roboto, Helvetica, Arial, sans-serif; text-align: justify;\" /><span style=\"color: #242424; font-family: Roboto, Helvetica, Arial, sans-serif; text-align: justify;\">Trải nghiệm l&agrave;m việc v&agrave; chơi game tuyệt vời.</span><br style=\"box-sizing: border-box; color: #242424; font-family: Roboto, Helvetica, Arial, sans-serif; text-align: justify;\" /><span style=\"color: #242424; font-family: Roboto, Helvetica, Arial, sans-serif; text-align: justify;\">Pin bền: 8-10 tiếng hoạt động li&ecirc;n tục, đủ cho 1 ng&agrave;y l&agrave;m việc của bạn.</span><br style=\"box-sizing: border-box; color: #242424; font-family: Roboto, Helvetica, Arial, sans-serif; text-align: justify;\" /><span style=\"color: #242424; font-family: Roboto, Helvetica, Arial, sans-serif; text-align: justify;\">Ph&iacute;m: ABS Double Shot</span><br style=\"box-sizing: border-box; color: #242424; font-family: Roboto, Helvetica, Arial, sans-serif; text-align: justify;\" /><span style=\"color: #242424; font-family: Roboto, Helvetica, Arial, sans-serif; text-align: justify;\">Chip Bluetooth: Broadcom (kết nối nhanh, độ trễ thấp, tiết kiệm điện)</span><br style=\"box-sizing: border-box; color: #242424; font-family: Roboto, Helvetica, Arial, sans-serif; text-align: justify;\" /><span style=\"color: #242424; font-family: Roboto, Helvetica, Arial, sans-serif; text-align: justify;\">M&agrave;u sắc: Trắng đ&egrave;n nền xanh/ Đen đ&egrave;n nền v&agrave;ng</span><br style=\"box-sizing: border-box; color: #242424; font-family: Roboto, Helvetica, Arial, sans-serif; text-align: justify;\" /><span style=\"color: #242424; font-family: Roboto, Helvetica, Arial, sans-serif; text-align: justify;\">Loại Switch: Blue Switch</span></p>'),
(105, 'Bàn phím kèm chuột', 'bp12', 'Keyboard570.jpg', 750000, 700000, 50, 33, 25, '1', '<p><span style=\"color: #242424; font-family: Roboto, Helvetica, Arial, sans-serif; text-align: justify;\">Nhỏ gọn nhẹ, dễ d&agrave;ng mang theo.</span><br style=\"box-sizing: border-box; color: #242424; font-family: Roboto, Helvetica, Arial, sans-serif; text-align: justify;\" /><span style=\"color: #242424; font-family: Roboto, Helvetica, Arial, sans-serif; text-align: justify;\">Kết nối kh&ocirc;ng d&acirc;y tiện lợi.</span><br style=\"box-sizing: border-box; color: #242424; font-family: Roboto, Helvetica, Arial, sans-serif; text-align: justify;\" /><span style=\"color: #242424; font-family: Roboto, Helvetica, Arial, sans-serif; text-align: justify;\">Thiết kế đẹp, bền, c&ocirc;ng tắc cơ học (Switch) độ bền 50 triệu lần nhấn.</span><br style=\"box-sizing: border-box; color: #242424; font-family: Roboto, Helvetica, Arial, sans-serif; text-align: justify;\" /><span style=\"color: #242424; font-family: Roboto, Helvetica, Arial, sans-serif; text-align: justify;\">Trải nghiệm l&agrave;m việc v&agrave; chơi game tuyệt vời.</span><br style=\"box-sizing: border-box; color: #242424; font-family: Roboto, Helvetica, Arial, sans-serif; text-align: justify;\" /><span style=\"color: #242424; font-family: Roboto, Helvetica, Arial, sans-serif; text-align: justify;\">Pin bền: 8-10 tiếng hoạt động li&ecirc;n tục, đủ cho 1 ng&agrave;y l&agrave;m việc của bạn.</span><br style=\"box-sizing: border-box; color: #242424; font-family: Roboto, Helvetica, Arial, sans-serif; text-align: justify;\" /><span style=\"color: #242424; font-family: Roboto, Helvetica, Arial, sans-serif; text-align: justify;\">Ph&iacute;m: ABS Double Shot</span><br style=\"box-sizing: border-box; color: #242424; font-family: Roboto, Helvetica, Arial, sans-serif; text-align: justify;\" /><span style=\"color: #242424; font-family: Roboto, Helvetica, Arial, sans-serif; text-align: justify;\">Chip Bluetooth: Broadcom (kết nối nhanh, độ trễ thấp, tiết kiệm điện)</span><br style=\"box-sizing: border-box; color: #242424; font-family: Roboto, Helvetica, Arial, sans-serif; text-align: justify;\" /><span style=\"color: #242424; font-family: Roboto, Helvetica, Arial, sans-serif; text-align: justify;\">M&agrave;u sắc: Trắng đ&egrave;n nền xanh/ Đen đ&egrave;n nền v&agrave;ng</span><br style=\"box-sizing: border-box; color: #242424; font-family: Roboto, Helvetica, Arial, sans-serif; text-align: justify;\" /><span style=\"color: #242424; font-family: Roboto, Helvetica, Arial, sans-serif; text-align: justify;\">Loại Switch: Blue Switch</span></p>'),
(106, 'Bản lề laptop Sony Vaio', 'bl01', 'banlelaptopsonyvaio.jpg', 70000, 50000, 150, 35, 22, '1', '<p>bản lề d&agrave;nh cho laptop Sony Vaio</p>'),
(107, 'Card màn hình 3050', 'cmh01', 'cardmanhinh3050.jpg', 3100000, 3050000, 50, 34, 25, '1', '<p><span style=\"color: #242424; font-family: Roboto, Helvetica, Arial, sans-serif; text-align: justify;\">Graphics Engine : NVIDIA GeForce GTX 1660 SUPER</span><br style=\"box-sizing: border-box; color: #242424; font-family: Roboto, Helvetica, Arial, sans-serif; text-align: justify;\" /><span style=\"color: #242424; font-family: Roboto, Helvetica, Arial, sans-serif; text-align: justify;\">Bus Standard : PCI Express 3.0</span><br style=\"box-sizing: border-box; color: #242424; font-family: Roboto, Helvetica, Arial, sans-serif; text-align: justify;\" /><span style=\"color: #242424; font-family: Roboto, Helvetica, Arial, sans-serif; text-align: justify;\">Video Memory : GDDR6 6GB</span><br style=\"box-sizing: border-box; color: #242424; font-family: Roboto, Helvetica, Arial, sans-serif; text-align: justify;\" /><span style=\"color: #242424; font-family: Roboto, Helvetica, Arial, sans-serif; text-align: justify;\">Engine Clock : OC Mode - 1860 MHz (Boost Clock)</span><br style=\"box-sizing: border-box; color: #242424; font-family: Roboto, Helvetica, Arial, sans-serif; text-align: justify;\" /><span style=\"color: #242424; font-family: Roboto, Helvetica, Arial, sans-serif; text-align: justify;\">Gaming Mode (Default) - GPU Boost Clock : 1830 MHz , GPU Base Clock : 1530 MHz</span><br style=\"box-sizing: border-box; color: #242424; font-family: Roboto, Helvetica, Arial, sans-serif; text-align: justify;\" /><span style=\"color: #242424; font-family: Roboto, Helvetica, Arial, sans-serif; text-align: justify;\">CUDA Core : 1408</span><br style=\"box-sizing: border-box; color: #242424; font-family: Roboto, Helvetica, Arial, sans-serif; text-align: justify;\" /><span style=\"color: #242424; font-family: Roboto, Helvetica, Arial, sans-serif; text-align: justify;\">Memory Clock : 14002 MHz</span><br style=\"box-sizing: border-box; color: #242424; font-family: Roboto, Helvetica, Arial, sans-serif; text-align: justify;\" /><span style=\"color: #242424; font-family: Roboto, Helvetica, Arial, sans-serif; text-align: justify;\">Memory Interface : 192-bit</span><br style=\"box-sizing: border-box; color: #242424; font-family: Roboto, Helvetica, Arial, sans-serif; text-align: justify;\" /><span style=\"color: #242424; font-family: Roboto, Helvetica, Arial, sans-serif; text-align: justify;\">Interface : DVI-D / HDMI / DisplayPort</span><br style=\"box-sizing: border-box; color: #242424; font-family: Roboto, Helvetica, Arial, sans-serif; text-align: justify;\" /><span style=\"color: #242424; font-family: Roboto, Helvetica, Arial, sans-serif; text-align: justify;\">Recommended PSU : 450W</span><br style=\"box-sizing: border-box; color: #242424; font-family: Roboto, Helvetica, Arial, sans-serif; text-align: justify;\" /><span style=\"color: #242424; font-family: Roboto, Helvetica, Arial, sans-serif; text-align: justify;\">Power Connectors : 1 x 8-pin</span></p>'),
(108, 'Card màn hình 2000', 'cmh02', 'cardmh2000.jpg', 2000000, 1900000, 50, 34, 25, '1', '<p><span style=\"color: #242424; font-family: Roboto, Helvetica, Arial, sans-serif; text-align: justify;\">Graphics Engine : NVIDIA GeForce GTX 1660 SUPER</span><br style=\"box-sizing: border-box; color: #242424; font-family: Roboto, Helvetica, Arial, sans-serif; text-align: justify;\" /><span style=\"color: #242424; font-family: Roboto, Helvetica, Arial, sans-serif; text-align: justify;\">Bus Standard : PCI Express 3.0</span><br style=\"box-sizing: border-box; color: #242424; font-family: Roboto, Helvetica, Arial, sans-serif; text-align: justify;\" /><span style=\"color: #242424; font-family: Roboto, Helvetica, Arial, sans-serif; text-align: justify;\">Video Memory : GDDR6 6GB</span><br style=\"box-sizing: border-box; color: #242424; font-family: Roboto, Helvetica, Arial, sans-serif; text-align: justify;\" /><span style=\"color: #242424; font-family: Roboto, Helvetica, Arial, sans-serif; text-align: justify;\">Engine Clock : OC Mode - 1860 MHz (Boost Clock)</span><br style=\"box-sizing: border-box; color: #242424; font-family: Roboto, Helvetica, Arial, sans-serif; text-align: justify;\" /><span style=\"color: #242424; font-family: Roboto, Helvetica, Arial, sans-serif; text-align: justify;\">Gaming Mode (Default) - GPU Boost Clock : 1830 MHz , GPU Base Clock : 1530 MHz</span><br style=\"box-sizing: border-box; color: #242424; font-family: Roboto, Helvetica, Arial, sans-serif; text-align: justify;\" /><span style=\"color: #242424; font-family: Roboto, Helvetica, Arial, sans-serif; text-align: justify;\">CUDA Core : 1408</span><br style=\"box-sizing: border-box; color: #242424; font-family: Roboto, Helvetica, Arial, sans-serif; text-align: justify;\" /><span style=\"color: #242424; font-family: Roboto, Helvetica, Arial, sans-serif; text-align: justify;\">Memory Clock : 14002 MHz</span><br style=\"box-sizing: border-box; color: #242424; font-family: Roboto, Helvetica, Arial, sans-serif; text-align: justify;\" /><span style=\"color: #242424; font-family: Roboto, Helvetica, Arial, sans-serif; text-align: justify;\">Memory Interface : 192-bit</span><br style=\"box-sizing: border-box; color: #242424; font-family: Roboto, Helvetica, Arial, sans-serif; text-align: justify;\" /><span style=\"color: #242424; font-family: Roboto, Helvetica, Arial, sans-serif; text-align: justify;\">Interface : DVI-D / HDMI / DisplayPort</span><br style=\"box-sizing: border-box; color: #242424; font-family: Roboto, Helvetica, Arial, sans-serif; text-align: justify;\" /><span style=\"color: #242424; font-family: Roboto, Helvetica, Arial, sans-serif; text-align: justify;\">Recommended PSU : 450W</span><br style=\"box-sizing: border-box; color: #242424; font-family: Roboto, Helvetica, Arial, sans-serif; text-align: justify;\" /><span style=\"color: #242424; font-family: Roboto, Helvetica, Arial, sans-serif; text-align: justify;\">Power Connectors : 1 x 8-pin</span></p>');
INSERT INTO `sanpham` (`idsanpham`, `tensp`, `masp`, `hinhanh`, `giadexuat`, `giagiam`, `soluong`, `loaisp`, `nhasx`, `tinhtrang`, `noidung`) VALUES
(109, 'Card màn hình 4200', 'cmh03', 'cardmh4200.png', 4200000, 4000000, 50, 34, 25, '1', '<p><span style=\"color: #242424; font-family: Roboto, Helvetica, Arial, sans-serif; text-align: justify;\">Graphics Engine : NVIDIA GeForce GTX 1660 SUPER</span><br style=\"box-sizing: border-box; color: #242424; font-family: Roboto, Helvetica, Arial, sans-serif; text-align: justify;\" /><span style=\"color: #242424; font-family: Roboto, Helvetica, Arial, sans-serif; text-align: justify;\">Bus Standard : PCI Express 3.0</span><br style=\"box-sizing: border-box; color: #242424; font-family: Roboto, Helvetica, Arial, sans-serif; text-align: justify;\" /><span style=\"color: #242424; font-family: Roboto, Helvetica, Arial, sans-serif; text-align: justify;\">Video Memory : GDDR6 6GB</span><br style=\"box-sizing: border-box; color: #242424; font-family: Roboto, Helvetica, Arial, sans-serif; text-align: justify;\" /><span style=\"color: #242424; font-family: Roboto, Helvetica, Arial, sans-serif; text-align: justify;\">Engine Clock : OC Mode - 1860 MHz (Boost Clock)</span><br style=\"box-sizing: border-box; color: #242424; font-family: Roboto, Helvetica, Arial, sans-serif; text-align: justify;\" /><span style=\"color: #242424; font-family: Roboto, Helvetica, Arial, sans-serif; text-align: justify;\">Gaming Mode (Default) - GPU Boost Clock : 1830 MHz , GPU Base Clock : 1530 MHz</span><br style=\"box-sizing: border-box; color: #242424; font-family: Roboto, Helvetica, Arial, sans-serif; text-align: justify;\" /><span style=\"color: #242424; font-family: Roboto, Helvetica, Arial, sans-serif; text-align: justify;\">CUDA Core : 1408</span><br style=\"box-sizing: border-box; color: #242424; font-family: Roboto, Helvetica, Arial, sans-serif; text-align: justify;\" /><span style=\"color: #242424; font-family: Roboto, Helvetica, Arial, sans-serif; text-align: justify;\">Memory Clock : 14002 MHz</span><br style=\"box-sizing: border-box; color: #242424; font-family: Roboto, Helvetica, Arial, sans-serif; text-align: justify;\" /><span style=\"color: #242424; font-family: Roboto, Helvetica, Arial, sans-serif; text-align: justify;\">Memory Interface : 192-bit</span><br style=\"box-sizing: border-box; color: #242424; font-family: Roboto, Helvetica, Arial, sans-serif; text-align: justify;\" /><span style=\"color: #242424; font-family: Roboto, Helvetica, Arial, sans-serif; text-align: justify;\">Interface : DVI-D / HDMI / DisplayPort</span><br style=\"box-sizing: border-box; color: #242424; font-family: Roboto, Helvetica, Arial, sans-serif; text-align: justify;\" /><span style=\"color: #242424; font-family: Roboto, Helvetica, Arial, sans-serif; text-align: justify;\">Recommended PSU : 450W</span><br style=\"box-sizing: border-box; color: #242424; font-family: Roboto, Helvetica, Arial, sans-serif; text-align: justify;\" /><span style=\"color: #242424; font-family: Roboto, Helvetica, Arial, sans-serif; text-align: justify;\">Power Connectors : 1 x 8-pin</span></p>'),
(110, 'Card màn hình 4500', 'cmh04', 'cardmh4500.jpg', 4500000, 4000000, 50, 34, 25, '1', '<p><span style=\"color: #242424; font-family: Roboto, Helvetica, Arial, sans-serif; text-align: justify;\">Graphics Engine : NVIDIA GeForce GTX 1660 SUPER</span><br style=\"box-sizing: border-box; color: #242424; font-family: Roboto, Helvetica, Arial, sans-serif; text-align: justify;\" /><span style=\"color: #242424; font-family: Roboto, Helvetica, Arial, sans-serif; text-align: justify;\">Bus Standard : PCI Express 3.0</span><br style=\"box-sizing: border-box; color: #242424; font-family: Roboto, Helvetica, Arial, sans-serif; text-align: justify;\" /><span style=\"color: #242424; font-family: Roboto, Helvetica, Arial, sans-serif; text-align: justify;\">Video Memory : GDDR6 6GB</span><br style=\"box-sizing: border-box; color: #242424; font-family: Roboto, Helvetica, Arial, sans-serif; text-align: justify;\" /><span style=\"color: #242424; font-family: Roboto, Helvetica, Arial, sans-serif; text-align: justify;\">Engine Clock : OC Mode - 1860 MHz (Boost Clock)</span><br style=\"box-sizing: border-box; color: #242424; font-family: Roboto, Helvetica, Arial, sans-serif; text-align: justify;\" /><span style=\"color: #242424; font-family: Roboto, Helvetica, Arial, sans-serif; text-align: justify;\">Gaming Mode (Default) - GPU Boost Clock : 1830 MHz , GPU Base Clock : 1530 MHz</span><br style=\"box-sizing: border-box; color: #242424; font-family: Roboto, Helvetica, Arial, sans-serif; text-align: justify;\" /><span style=\"color: #242424; font-family: Roboto, Helvetica, Arial, sans-serif; text-align: justify;\">CUDA Core : 1408</span><br style=\"box-sizing: border-box; color: #242424; font-family: Roboto, Helvetica, Arial, sans-serif; text-align: justify;\" /><span style=\"color: #242424; font-family: Roboto, Helvetica, Arial, sans-serif; text-align: justify;\">Memory Clock : 14002 MHz</span><br style=\"box-sizing: border-box; color: #242424; font-family: Roboto, Helvetica, Arial, sans-serif; text-align: justify;\" /><span style=\"color: #242424; font-family: Roboto, Helvetica, Arial, sans-serif; text-align: justify;\">Memory Interface : 192-bit</span><br style=\"box-sizing: border-box; color: #242424; font-family: Roboto, Helvetica, Arial, sans-serif; text-align: justify;\" /><span style=\"color: #242424; font-family: Roboto, Helvetica, Arial, sans-serif; text-align: justify;\">Interface : DVI-D / HDMI / DisplayPort</span><br style=\"box-sizing: border-box; color: #242424; font-family: Roboto, Helvetica, Arial, sans-serif; text-align: justify;\" /><span style=\"color: #242424; font-family: Roboto, Helvetica, Arial, sans-serif; text-align: justify;\">Recommended PSU : 450W</span><br style=\"box-sizing: border-box; color: #242424; font-family: Roboto, Helvetica, Arial, sans-serif; text-align: justify;\" /><span style=\"color: #242424; font-family: Roboto, Helvetica, Arial, sans-serif; text-align: justify;\">Power Connectors : 1 x 8-pin</span></p>'),
(111, 'Card màn hình ASUS 4500', 'cmh05', 'cardmhasus4500.jpg', 4500000, 4900000, 50, 34, 17, '1', '<p><span style=\"color: #242424; font-family: Roboto, Helvetica, Arial, sans-serif; text-align: justify;\">Graphics Engine : NVIDIA GeForce GTX 1660 SUPER</span><br style=\"box-sizing: border-box; color: #242424; font-family: Roboto, Helvetica, Arial, sans-serif; text-align: justify;\" /><span style=\"color: #242424; font-family: Roboto, Helvetica, Arial, sans-serif; text-align: justify;\">Bus Standard : PCI Express 3.0</span><br style=\"box-sizing: border-box; color: #242424; font-family: Roboto, Helvetica, Arial, sans-serif; text-align: justify;\" /><span style=\"color: #242424; font-family: Roboto, Helvetica, Arial, sans-serif; text-align: justify;\">Video Memory : GDDR6 6GB</span><br style=\"box-sizing: border-box; color: #242424; font-family: Roboto, Helvetica, Arial, sans-serif; text-align: justify;\" /><span style=\"color: #242424; font-family: Roboto, Helvetica, Arial, sans-serif; text-align: justify;\">Engine Clock : OC Mode - 1860 MHz (Boost Clock)</span><br style=\"box-sizing: border-box; color: #242424; font-family: Roboto, Helvetica, Arial, sans-serif; text-align: justify;\" /><span style=\"color: #242424; font-family: Roboto, Helvetica, Arial, sans-serif; text-align: justify;\">Gaming Mode (Default) - GPU Boost Clock : 1830 MHz , GPU Base Clock : 1530 MHz</span><br style=\"box-sizing: border-box; color: #242424; font-family: Roboto, Helvetica, Arial, sans-serif; text-align: justify;\" /><span style=\"color: #242424; font-family: Roboto, Helvetica, Arial, sans-serif; text-align: justify;\">CUDA Core : 1408</span><br style=\"box-sizing: border-box; color: #242424; font-family: Roboto, Helvetica, Arial, sans-serif; text-align: justify;\" /><span style=\"color: #242424; font-family: Roboto, Helvetica, Arial, sans-serif; text-align: justify;\">Memory Clock : 14002 MHz</span><br style=\"box-sizing: border-box; color: #242424; font-family: Roboto, Helvetica, Arial, sans-serif; text-align: justify;\" /><span style=\"color: #242424; font-family: Roboto, Helvetica, Arial, sans-serif; text-align: justify;\">Memory Interface : 192-bit</span><br style=\"box-sizing: border-box; color: #242424; font-family: Roboto, Helvetica, Arial, sans-serif; text-align: justify;\" /><span style=\"color: #242424; font-family: Roboto, Helvetica, Arial, sans-serif; text-align: justify;\">Interface : DVI-D / HDMI / DisplayPort</span><br style=\"box-sizing: border-box; color: #242424; font-family: Roboto, Helvetica, Arial, sans-serif; text-align: justify;\" /><span style=\"color: #242424; font-family: Roboto, Helvetica, Arial, sans-serif; text-align: justify;\">Recommended PSU : 450W</span><br style=\"box-sizing: border-box; color: #242424; font-family: Roboto, Helvetica, Arial, sans-serif; text-align: justify;\" /><span style=\"color: #242424; font-family: Roboto, Helvetica, Arial, sans-serif; text-align: justify;\">Power Connectors : 1 x 8-pin</span></p>'),
(112, 'Card màn hình ASUS 6600', 'cmh06', 'cardmhasus6600.png', 6800000, 6000000, 50, 34, 17, '1', '<p><span style=\"color: #242424; font-family: Roboto, Helvetica, Arial, sans-serif; text-align: justify;\">Graphics Engine : NVIDIA GeForce GTX 1660 SUPER</span><br style=\"box-sizing: border-box; color: #242424; font-family: Roboto, Helvetica, Arial, sans-serif; text-align: justify;\" /><span style=\"color: #242424; font-family: Roboto, Helvetica, Arial, sans-serif; text-align: justify;\">Bus Standard : PCI Express 3.0</span><br style=\"box-sizing: border-box; color: #242424; font-family: Roboto, Helvetica, Arial, sans-serif; text-align: justify;\" /><span style=\"color: #242424; font-family: Roboto, Helvetica, Arial, sans-serif; text-align: justify;\">Video Memory : GDDR6 6GB</span><br style=\"box-sizing: border-box; color: #242424; font-family: Roboto, Helvetica, Arial, sans-serif; text-align: justify;\" /><span style=\"color: #242424; font-family: Roboto, Helvetica, Arial, sans-serif; text-align: justify;\">Engine Clock : OC Mode - 1860 MHz (Boost Clock)</span><br style=\"box-sizing: border-box; color: #242424; font-family: Roboto, Helvetica, Arial, sans-serif; text-align: justify;\" /><span style=\"color: #242424; font-family: Roboto, Helvetica, Arial, sans-serif; text-align: justify;\">Gaming Mode (Default) - GPU Boost Clock : 1830 MHz , GPU Base Clock : 1530 MHz</span><br style=\"box-sizing: border-box; color: #242424; font-family: Roboto, Helvetica, Arial, sans-serif; text-align: justify;\" /><span style=\"color: #242424; font-family: Roboto, Helvetica, Arial, sans-serif; text-align: justify;\">CUDA Core : 1408</span><br style=\"box-sizing: border-box; color: #242424; font-family: Roboto, Helvetica, Arial, sans-serif; text-align: justify;\" /><span style=\"color: #242424; font-family: Roboto, Helvetica, Arial, sans-serif; text-align: justify;\">Memory Clock : 14002 MHz</span><br style=\"box-sizing: border-box; color: #242424; font-family: Roboto, Helvetica, Arial, sans-serif; text-align: justify;\" /><span style=\"color: #242424; font-family: Roboto, Helvetica, Arial, sans-serif; text-align: justify;\">Memory Interface : 192-bit</span><br style=\"box-sizing: border-box; color: #242424; font-family: Roboto, Helvetica, Arial, sans-serif; text-align: justify;\" /><span style=\"color: #242424; font-family: Roboto, Helvetica, Arial, sans-serif; text-align: justify;\">Interface : DVI-D / HDMI / DisplayPort</span><br style=\"box-sizing: border-box; color: #242424; font-family: Roboto, Helvetica, Arial, sans-serif; text-align: justify;\" /><span style=\"color: #242424; font-family: Roboto, Helvetica, Arial, sans-serif; text-align: justify;\">Recommended PSU : 450W</span><br style=\"box-sizing: border-box; color: #242424; font-family: Roboto, Helvetica, Arial, sans-serif; text-align: justify;\" /><span style=\"color: #242424; font-family: Roboto, Helvetica, Arial, sans-serif; text-align: justify;\">Power Connectors : 1 x 8-pin</span></p>'),
(113, 'Card màn hình MSI 7800', 'cmh07', 'cardmhmsi7800.jpg', 7800000, 7500000, 50, 34, 15, '1', '<p><span style=\"color: #242424; font-family: Roboto, Helvetica, Arial, sans-serif; text-align: justify;\">Graphics Engine : NVIDIA GeForce GTX 1660 SUPER</span><br style=\"box-sizing: border-box; color: #242424; font-family: Roboto, Helvetica, Arial, sans-serif; text-align: justify;\" /><span style=\"color: #242424; font-family: Roboto, Helvetica, Arial, sans-serif; text-align: justify;\">Bus Standard : PCI Express 3.0</span><br style=\"box-sizing: border-box; color: #242424; font-family: Roboto, Helvetica, Arial, sans-serif; text-align: justify;\" /><span style=\"color: #242424; font-family: Roboto, Helvetica, Arial, sans-serif; text-align: justify;\">Video Memory : GDDR6 6GB</span><br style=\"box-sizing: border-box; color: #242424; font-family: Roboto, Helvetica, Arial, sans-serif; text-align: justify;\" /><span style=\"color: #242424; font-family: Roboto, Helvetica, Arial, sans-serif; text-align: justify;\">Engine Clock : OC Mode - 1860 MHz (Boost Clock)</span><br style=\"box-sizing: border-box; color: #242424; font-family: Roboto, Helvetica, Arial, sans-serif; text-align: justify;\" /><span style=\"color: #242424; font-family: Roboto, Helvetica, Arial, sans-serif; text-align: justify;\">Gaming Mode (Default) - GPU Boost Clock : 1830 MHz , GPU Base Clock : 1530 MHz</span><br style=\"box-sizing: border-box; color: #242424; font-family: Roboto, Helvetica, Arial, sans-serif; text-align: justify;\" /><span style=\"color: #242424; font-family: Roboto, Helvetica, Arial, sans-serif; text-align: justify;\">CUDA Core : 1408</span><br style=\"box-sizing: border-box; color: #242424; font-family: Roboto, Helvetica, Arial, sans-serif; text-align: justify;\" /><span style=\"color: #242424; font-family: Roboto, Helvetica, Arial, sans-serif; text-align: justify;\">Memory Clock : 14002 MHz</span><br style=\"box-sizing: border-box; color: #242424; font-family: Roboto, Helvetica, Arial, sans-serif; text-align: justify;\" /><span style=\"color: #242424; font-family: Roboto, Helvetica, Arial, sans-serif; text-align: justify;\">Memory Interface : 192-bit</span><br style=\"box-sizing: border-box; color: #242424; font-family: Roboto, Helvetica, Arial, sans-serif; text-align: justify;\" /><span style=\"color: #242424; font-family: Roboto, Helvetica, Arial, sans-serif; text-align: justify;\">Interface : DVI-D / HDMI / DisplayPort</span><br style=\"box-sizing: border-box; color: #242424; font-family: Roboto, Helvetica, Arial, sans-serif; text-align: justify;\" /><span style=\"color: #242424; font-family: Roboto, Helvetica, Arial, sans-serif; text-align: justify;\">Recommended PSU : 450W</span><br style=\"box-sizing: border-box; color: #242424; font-family: Roboto, Helvetica, Arial, sans-serif; text-align: justify;\" /><span style=\"color: #242424; font-family: Roboto, Helvetica, Arial, sans-serif; text-align: justify;\">Power Connectors : 1 x 8-pin</span></p>'),
(114, 'Card âm thanh 2000 ASUS', 'cat01', 'cardsoundasus2000.jpg', 2000000, 1800000, 20, 35, 17, '1', '<p><span style=\"color: #242424; font-family: Roboto, Helvetica, Arial, sans-serif; text-align: justify;\">Graphics Engine : NVIDIA GeForce GTX 1660 SUPER</span><br style=\"box-sizing: border-box; color: #242424; font-family: Roboto, Helvetica, Arial, sans-serif; text-align: justify;\" /><span style=\"color: #242424; font-family: Roboto, Helvetica, Arial, sans-serif; text-align: justify;\">Bus Standard : PCI Express 3.0</span><br style=\"box-sizing: border-box; color: #242424; font-family: Roboto, Helvetica, Arial, sans-serif; text-align: justify;\" /><span style=\"color: #242424; font-family: Roboto, Helvetica, Arial, sans-serif; text-align: justify;\">Video Memory : GDDR6 6GB</span><br style=\"box-sizing: border-box; color: #242424; font-family: Roboto, Helvetica, Arial, sans-serif; text-align: justify;\" /><span style=\"color: #242424; font-family: Roboto, Helvetica, Arial, sans-serif; text-align: justify;\">Engine Clock : OC Mode - 1860 MHz (Boost Clock)</span><br style=\"box-sizing: border-box; color: #242424; font-family: Roboto, Helvetica, Arial, sans-serif; text-align: justify;\" /><span style=\"color: #242424; font-family: Roboto, Helvetica, Arial, sans-serif; text-align: justify;\">Gaming Mode (Default) - GPU Boost Clock : 1830 MHz , GPU Base Clock : 1530 MHz</span><br style=\"box-sizing: border-box; color: #242424; font-family: Roboto, Helvetica, Arial, sans-serif; text-align: justify;\" /><span style=\"color: #242424; font-family: Roboto, Helvetica, Arial, sans-serif; text-align: justify;\">CUDA Core : 1408</span><br style=\"box-sizing: border-box; color: #242424; font-family: Roboto, Helvetica, Arial, sans-serif; text-align: justify;\" /><span style=\"color: #242424; font-family: Roboto, Helvetica, Arial, sans-serif; text-align: justify;\">Memory Clock : 14002 MHz</span><br style=\"box-sizing: border-box; color: #242424; font-family: Roboto, Helvetica, Arial, sans-serif; text-align: justify;\" /><span style=\"color: #242424; font-family: Roboto, Helvetica, Arial, sans-serif; text-align: justify;\">Memory Interface : 192-bit</span><br style=\"box-sizing: border-box; color: #242424; font-family: Roboto, Helvetica, Arial, sans-serif; text-align: justify;\" /><span style=\"color: #242424; font-family: Roboto, Helvetica, Arial, sans-serif; text-align: justify;\">Interface : DVI-D / HDMI / DisplayPort</span><br style=\"box-sizing: border-box; color: #242424; font-family: Roboto, Helvetica, Arial, sans-serif; text-align: justify;\" /><span style=\"color: #242424; font-family: Roboto, Helvetica, Arial, sans-serif; text-align: justify;\">Recommended PSU : 450W</span><br style=\"box-sizing: border-box; color: #242424; font-family: Roboto, Helvetica, Arial, sans-serif; text-align: justify;\" /><span style=\"color: #242424; font-family: Roboto, Helvetica, Arial, sans-serif; text-align: justify;\">Power Connectors : 1 x 8-pin</span></p>'),
(115, 'CPU 2500', 'cpu01', '250_14569_orient_3003b_ha1.jpg', 2500000, 2490000, 50, 37, 25, '1', '<p><span style=\"color: #242424; font-family: Roboto, Helvetica, Arial, sans-serif; text-align: justify;\">Chơi Max setting LOL, Fifa v&agrave; 100% c&aacute;c game online, Offline kh&aacute;c t&ugrave;y biến thiết lập.</span><br style=\"box-sizing: border-box; color: #242424; font-family: Roboto, Helvetica, Arial, sans-serif; text-align: justify;\" /><span style=\"color: #242424; font-family: Roboto, Helvetica, Arial, sans-serif; text-align: justify;\">Vỏ c&acirc;y nguồn 230W&ndash; 450W Full Size ATX tản nhiệt tốt.</span><br style=\"box-sizing: border-box; color: #242424; font-family: Roboto, Helvetica, Arial, sans-serif; text-align: justify;\" /><span style=\"color: #242424; font-family: Roboto, Helvetica, Arial, sans-serif; text-align: justify;\">M&aacute;y chạy &ecirc;m tiết kiệm điện,hoạt động 24/24.</span><br style=\"box-sizing: border-box; color: #242424; font-family: Roboto, Helvetica, Arial, sans-serif; text-align: justify;\" /><span style=\"color: #242424; font-family: Roboto, Helvetica, Arial, sans-serif; text-align: justify;\">CPU: Intel Core i7 3770 3.4GHz up to 3.9GHz 8MB SmartCache.</span><br style=\"box-sizing: border-box; color: #242424; font-family: Roboto, Helvetica, Arial, sans-serif; text-align: justify;\" /><span style=\"color: #242424; font-family: Roboto, Helvetica, Arial, sans-serif; text-align: justify;\">Mainboard H61(Support Core i7, i5 ,i3, Intel Pentium, Intel Celeron in the, DR3 1600/1333 MHz, up to 16GB).</span><br style=\"box-sizing: border-box; color: #242424; font-family: Roboto, Helvetica, Arial, sans-serif; text-align: justify;\" /><span style=\"color: #242424; font-family: Roboto, Helvetica, Arial, sans-serif; text-align: justify;\">RAM DDR3: 8GB.</span><br style=\"box-sizing: border-box; color: #242424; font-family: Roboto, Helvetica, Arial, sans-serif; text-align: justify;\" /><span style=\"color: #242424; font-family: Roboto, Helvetica, Arial, sans-serif; text-align: justify;\">Ổ cứng SSD:120GB v&agrave;HDD: 500GB chuẩn Sata 7200RPM.</span><br style=\"box-sizing: border-box; color: #242424; font-family: Roboto, Helvetica, Arial, sans-serif; text-align: justify;\" /><span style=\"color: #242424; font-family: Roboto, Helvetica, Arial, sans-serif; text-align: justify;\">Card: VGA GTX 1050Ti</span><br style=\"box-sizing: border-box; color: #242424; font-family: Roboto, Helvetica, Arial, sans-serif; text-align: justify;\" /><span style=\"color: #242424; font-family: Roboto, Helvetica, Arial, sans-serif; text-align: justify;\">Phầm mềm Game v&agrave; Win: Hỗ trợ c&agrave;i đặt.</span></p>'),
(116, 'CPU EMAX 36160', 'cpu02', '250_31609-vo---m--y-t--nh-gamemax-g361-2.jpg', 3600000, 3500000, 50, 37, 25, '1', '<p><span style=\"color: #242424; font-family: Roboto, Helvetica, Arial, sans-serif; text-align: justify;\">Chơi Max setting LOL, Fifa v&agrave; 100% c&aacute;c game online, Offline kh&aacute;c t&ugrave;y biến thiết lập.</span><br style=\"box-sizing: border-box; color: #242424; font-family: Roboto, Helvetica, Arial, sans-serif; text-align: justify;\" /><span style=\"color: #242424; font-family: Roboto, Helvetica, Arial, sans-serif; text-align: justify;\">Vỏ c&acirc;y nguồn 230W&ndash; 450W Full Size ATX tản nhiệt tốt.</span><br style=\"box-sizing: border-box; color: #242424; font-family: Roboto, Helvetica, Arial, sans-serif; text-align: justify;\" /><span style=\"color: #242424; font-family: Roboto, Helvetica, Arial, sans-serif; text-align: justify;\">M&aacute;y chạy &ecirc;m tiết kiệm điện,hoạt động 24/24.</span><br style=\"box-sizing: border-box; color: #242424; font-family: Roboto, Helvetica, Arial, sans-serif; text-align: justify;\" /><span style=\"color: #242424; font-family: Roboto, Helvetica, Arial, sans-serif; text-align: justify;\">CPU: Intel Core i7 3770 3.4GHz up to 3.9GHz 8MB SmartCache.</span><br style=\"box-sizing: border-box; color: #242424; font-family: Roboto, Helvetica, Arial, sans-serif; text-align: justify;\" /><span style=\"color: #242424; font-family: Roboto, Helvetica, Arial, sans-serif; text-align: justify;\">Mainboard H61(Support Core i7, i5 ,i3, Intel Pentium, Intel Celeron in the, DR3 1600/1333 MHz, up to 16GB).</span><br style=\"box-sizing: border-box; color: #242424; font-family: Roboto, Helvetica, Arial, sans-serif; text-align: justify;\" /><span style=\"color: #242424; font-family: Roboto, Helvetica, Arial, sans-serif; text-align: justify;\">RAM DDR3: 8GB.</span><br style=\"box-sizing: border-box; color: #242424; font-family: Roboto, Helvetica, Arial, sans-serif; text-align: justify;\" /><span style=\"color: #242424; font-family: Roboto, Helvetica, Arial, sans-serif; text-align: justify;\">Ổ cứng SSD:120GB v&agrave;HDD: 500GB chuẩn Sata 7200RPM.</span><br style=\"box-sizing: border-box; color: #242424; font-family: Roboto, Helvetica, Arial, sans-serif; text-align: justify;\" /><span style=\"color: #242424; font-family: Roboto, Helvetica, Arial, sans-serif; text-align: justify;\">Card: VGA GTX 1050Ti</span><br style=\"box-sizing: border-box; color: #242424; font-family: Roboto, Helvetica, Arial, sans-serif; text-align: justify;\" /><span style=\"color: #242424; font-family: Roboto, Helvetica, Arial, sans-serif; text-align: justify;\">Phầm mềm Game v&agrave; Win: Hỗ trợ c&agrave;i đặt.</span></p>'),
(117, 'CPU ACER 1060', 'cpu03', '250_35102_vo___m__y_t__nh_orient_105b_mid_tower_1_1.jpg', 5500000, 5000000, 50, 37, 20, '1', '<p><span style=\"color: #242424; font-family: Roboto, Helvetica, Arial, sans-serif; text-align: justify;\">Chơi Max setting LOL, Fifa v&agrave; 100% c&aacute;c game online, Offline kh&aacute;c t&ugrave;y biến thiết lập.</span><br style=\"box-sizing: border-box; color: #242424; font-family: Roboto, Helvetica, Arial, sans-serif; text-align: justify;\" /><span style=\"color: #242424; font-family: Roboto, Helvetica, Arial, sans-serif; text-align: justify;\">Vỏ c&acirc;y nguồn 230W&ndash; 450W Full Size ATX tản nhiệt tốt.</span><br style=\"box-sizing: border-box; color: #242424; font-family: Roboto, Helvetica, Arial, sans-serif; text-align: justify;\" /><span style=\"color: #242424; font-family: Roboto, Helvetica, Arial, sans-serif; text-align: justify;\">M&aacute;y chạy &ecirc;m tiết kiệm điện,hoạt động 24/24.</span><br style=\"box-sizing: border-box; color: #242424; font-family: Roboto, Helvetica, Arial, sans-serif; text-align: justify;\" /><span style=\"color: #242424; font-family: Roboto, Helvetica, Arial, sans-serif; text-align: justify;\">CPU: Intel Core i7 3770 3.4GHz up to 3.9GHz 8MB SmartCache.</span><br style=\"box-sizing: border-box; color: #242424; font-family: Roboto, Helvetica, Arial, sans-serif; text-align: justify;\" /><span style=\"color: #242424; font-family: Roboto, Helvetica, Arial, sans-serif; text-align: justify;\">Mainboard H61(Support Core i7, i5 ,i3, Intel Pentium, Intel Celeron in the, DR3 1600/1333 MHz, up to 16GB).</span><br style=\"box-sizing: border-box; color: #242424; font-family: Roboto, Helvetica, Arial, sans-serif; text-align: justify;\" /><span style=\"color: #242424; font-family: Roboto, Helvetica, Arial, sans-serif; text-align: justify;\">RAM DDR3: 8GB.</span><br style=\"box-sizing: border-box; color: #242424; font-family: Roboto, Helvetica, Arial, sans-serif; text-align: justify;\" /><span style=\"color: #242424; font-family: Roboto, Helvetica, Arial, sans-serif; text-align: justify;\">Ổ cứng SSD:120GB v&agrave;HDD: 500GB chuẩn Sata 7200RPM.</span><br style=\"box-sizing: border-box; color: #242424; font-family: Roboto, Helvetica, Arial, sans-serif; text-align: justify;\" /><span style=\"color: #242424; font-family: Roboto, Helvetica, Arial, sans-serif; text-align: justify;\">Card: VGA GTX 1050Ti</span><br style=\"box-sizing: border-box; color: #242424; font-family: Roboto, Helvetica, Arial, sans-serif; text-align: justify;\" /><span style=\"color: #242424; font-family: Roboto, Helvetica, Arial, sans-serif; text-align: justify;\">Phầm mềm Game v&agrave; Win: Hỗ trợ c&agrave;i đặt.</span></p>'),
(118, 'CPU ACER 550', 'cpu04', '250_35663_vo___m__y_t__nh_sunpac_mini_t12_mini_tower_1_1.png', 3500000, 3000000, 50, 37, 20, '1', '<p><span style=\"color: #242424; font-family: Roboto, Helvetica, Arial, sans-serif; text-align: justify;\">Chơi Max setting LOL, Fifa v&agrave; 100% c&aacute;c game online, Offline kh&aacute;c t&ugrave;y biến thiết lập.</span><br style=\"box-sizing: border-box; color: #242424; font-family: Roboto, Helvetica, Arial, sans-serif; text-align: justify;\" /><span style=\"color: #242424; font-family: Roboto, Helvetica, Arial, sans-serif; text-align: justify;\">Vỏ c&acirc;y nguồn 230W&ndash; 450W Full Size ATX tản nhiệt tốt.</span><br style=\"box-sizing: border-box; color: #242424; font-family: Roboto, Helvetica, Arial, sans-serif; text-align: justify;\" /><span style=\"color: #242424; font-family: Roboto, Helvetica, Arial, sans-serif; text-align: justify;\">M&aacute;y chạy &ecirc;m tiết kiệm điện,hoạt động 24/24.</span><br style=\"box-sizing: border-box; color: #242424; font-family: Roboto, Helvetica, Arial, sans-serif; text-align: justify;\" /><span style=\"color: #242424; font-family: Roboto, Helvetica, Arial, sans-serif; text-align: justify;\">CPU: Intel Core i7 3770 3.4GHz up to 3.9GHz 8MB SmartCache.</span><br style=\"box-sizing: border-box; color: #242424; font-family: Roboto, Helvetica, Arial, sans-serif; text-align: justify;\" /><span style=\"color: #242424; font-family: Roboto, Helvetica, Arial, sans-serif; text-align: justify;\">Mainboard H61(Support Core i7, i5 ,i3, Intel Pentium, Intel Celeron in the, DR3 1600/1333 MHz, up to 16GB).</span><br style=\"box-sizing: border-box; color: #242424; font-family: Roboto, Helvetica, Arial, sans-serif; text-align: justify;\" /><span style=\"color: #242424; font-family: Roboto, Helvetica, Arial, sans-serif; text-align: justify;\">RAM DDR3: 8GB.</span><br style=\"box-sizing: border-box; color: #242424; font-family: Roboto, Helvetica, Arial, sans-serif; text-align: justify;\" /><span style=\"color: #242424; font-family: Roboto, Helvetica, Arial, sans-serif; text-align: justify;\">Ổ cứng SSD:120GB v&agrave;HDD: 500GB chuẩn Sata 7200RPM.</span><br style=\"box-sizing: border-box; color: #242424; font-family: Roboto, Helvetica, Arial, sans-serif; text-align: justify;\" /><span style=\"color: #242424; font-family: Roboto, Helvetica, Arial, sans-serif; text-align: justify;\">Card: VGA GTX 1050Ti</span><br style=\"box-sizing: border-box; color: #242424; font-family: Roboto, Helvetica, Arial, sans-serif; text-align: justify;\" /><span style=\"color: #242424; font-family: Roboto, Helvetica, Arial, sans-serif; text-align: justify;\">Phầm mềm Game v&agrave; Win: Hỗ trợ c&agrave;i đặt.</span></p>'),
(119, 'Case 380', 'c01', 'case380.jpg', 380000, 350000, 50, 37, 15, '1', '<p><span style=\"color: #242424; font-family: Roboto, Helvetica, Arial, sans-serif; text-align: justify;\">Chơi Max setting LOL, Fifa v&agrave; 100% c&aacute;c game online, Offline kh&aacute;c t&ugrave;y biến thiết lập.</span><br style=\"box-sizing: border-box; color: #242424; font-family: Roboto, Helvetica, Arial, sans-serif; text-align: justify;\" /><span style=\"color: #242424; font-family: Roboto, Helvetica, Arial, sans-serif; text-align: justify;\">Vỏ c&acirc;y nguồn 230W&ndash; 450W Full Size ATX tản nhiệt tốt.</span><br style=\"box-sizing: border-box; color: #242424; font-family: Roboto, Helvetica, Arial, sans-serif; text-align: justify;\" /><span style=\"color: #242424; font-family: Roboto, Helvetica, Arial, sans-serif; text-align: justify;\">M&aacute;y chạy &ecirc;m tiết kiệm điện,hoạt động 24/24.</span><br style=\"box-sizing: border-box; color: #242424; font-family: Roboto, Helvetica, Arial, sans-serif; text-align: justify;\" /><span style=\"color: #242424; font-family: Roboto, Helvetica, Arial, sans-serif; text-align: justify;\">CPU: Intel Core i7 3770 3.4GHz up to 3.9GHz 8MB SmartCache.</span><br style=\"box-sizing: border-box; color: #242424; font-family: Roboto, Helvetica, Arial, sans-serif; text-align: justify;\" /><span style=\"color: #242424; font-family: Roboto, Helvetica, Arial, sans-serif; text-align: justify;\">Mainboard H61(Support Core i7, i5 ,i3, Intel Pentium, Intel Celeron in the, DR3 1600/1333 MHz, up to 16GB).</span><br style=\"box-sizing: border-box; color: #242424; font-family: Roboto, Helvetica, Arial, sans-serif; text-align: justify;\" /><span style=\"color: #242424; font-family: Roboto, Helvetica, Arial, sans-serif; text-align: justify;\">RAM DDR3: 8GB.</span><br style=\"box-sizing: border-box; color: #242424; font-family: Roboto, Helvetica, Arial, sans-serif; text-align: justify;\" /><span style=\"color: #242424; font-family: Roboto, Helvetica, Arial, sans-serif; text-align: justify;\">Ổ cứng SSD:120GB v&agrave;HDD: 500GB chuẩn Sata 7200RPM.</span><br style=\"box-sizing: border-box; color: #242424; font-family: Roboto, Helvetica, Arial, sans-serif; text-align: justify;\" /><span style=\"color: #242424; font-family: Roboto, Helvetica, Arial, sans-serif; text-align: justify;\">Card: VGA GTX 1050Ti</span><br style=\"box-sizing: border-box; color: #242424; font-family: Roboto, Helvetica, Arial, sans-serif; text-align: justify;\" /><span style=\"color: #242424; font-family: Roboto, Helvetica, Arial, sans-serif; text-align: justify;\">Phầm mềm Game v&agrave; Win: Hỗ trợ c&agrave;i đặt.</span></p>'),
(120, 'CPU ASUS2400', 'cpu05', 'CPUASSUS2400.jpg', 2500000, 2400000, 50, 37, 17, '1', '<p><span style=\"color: #242424; font-family: Roboto, Helvetica, Arial, sans-serif; text-align: justify;\">Chơi Max setting LOL, Fifa v&agrave; 100% c&aacute;c game online, Offline kh&aacute;c t&ugrave;y biến thiết lập.</span><br style=\"box-sizing: border-box; color: #242424; font-family: Roboto, Helvetica, Arial, sans-serif; text-align: justify;\" /><span style=\"color: #242424; font-family: Roboto, Helvetica, Arial, sans-serif; text-align: justify;\">Vỏ c&acirc;y nguồn 230W&ndash; 450W Full Size ATX tản nhiệt tốt.</span><br style=\"box-sizing: border-box; color: #242424; font-family: Roboto, Helvetica, Arial, sans-serif; text-align: justify;\" /><span style=\"color: #242424; font-family: Roboto, Helvetica, Arial, sans-serif; text-align: justify;\">M&aacute;y chạy &ecirc;m tiết kiệm điện,hoạt động 24/24.</span><br style=\"box-sizing: border-box; color: #242424; font-family: Roboto, Helvetica, Arial, sans-serif; text-align: justify;\" /><span style=\"color: #242424; font-family: Roboto, Helvetica, Arial, sans-serif; text-align: justify;\">CPU: Intel Core i7 3770 3.4GHz up to 3.9GHz 8MB SmartCache.</span><br style=\"box-sizing: border-box; color: #242424; font-family: Roboto, Helvetica, Arial, sans-serif; text-align: justify;\" /><span style=\"color: #242424; font-family: Roboto, Helvetica, Arial, sans-serif; text-align: justify;\">Mainboard H61(Support Core i7, i5 ,i3, Intel Pentium, Intel Celeron in the, DR3 1600/1333 MHz, up to 16GB).</span><br style=\"box-sizing: border-box; color: #242424; font-family: Roboto, Helvetica, Arial, sans-serif; text-align: justify;\" /><span style=\"color: #242424; font-family: Roboto, Helvetica, Arial, sans-serif; text-align: justify;\">RAM DDR3: 8GB.</span><br style=\"box-sizing: border-box; color: #242424; font-family: Roboto, Helvetica, Arial, sans-serif; text-align: justify;\" /><span style=\"color: #242424; font-family: Roboto, Helvetica, Arial, sans-serif; text-align: justify;\">Ổ cứng SSD:120GB v&agrave;HDD: 500GB chuẩn Sata 7200RPM.</span><br style=\"box-sizing: border-box; color: #242424; font-family: Roboto, Helvetica, Arial, sans-serif; text-align: justify;\" /><span style=\"color: #242424; font-family: Roboto, Helvetica, Arial, sans-serif; text-align: justify;\">Card: VGA GTX 1050Ti</span><br style=\"box-sizing: border-box; color: #242424; font-family: Roboto, Helvetica, Arial, sans-serif; text-align: justify;\" /><span style=\"color: #242424; font-family: Roboto, Helvetica, Arial, sans-serif; text-align: justify;\">Phầm mềm Game v&agrave; Win: Hỗ trợ c&agrave;i đặt.</span></p>'),
(121, 'CPU ASUS 3600', 'cpu06', 'CPUASSUS3600.jpg', 3600000, 3400000, 50, 37, 17, '1', '<p><span style=\"color: #242424; font-family: Roboto, Helvetica, Arial, sans-serif; text-align: justify;\">Chơi Max setting LOL, Fifa v&agrave; 100% c&aacute;c game online, Offline kh&aacute;c t&ugrave;y biến thiết lập.</span><br style=\"box-sizing: border-box; color: #242424; font-family: Roboto, Helvetica, Arial, sans-serif; text-align: justify;\" /><span style=\"color: #242424; font-family: Roboto, Helvetica, Arial, sans-serif; text-align: justify;\">Vỏ c&acirc;y nguồn 230W&ndash; 450W Full Size ATX tản nhiệt tốt.</span><br style=\"box-sizing: border-box; color: #242424; font-family: Roboto, Helvetica, Arial, sans-serif; text-align: justify;\" /><span style=\"color: #242424; font-family: Roboto, Helvetica, Arial, sans-serif; text-align: justify;\">M&aacute;y chạy &ecirc;m tiết kiệm điện,hoạt động 24/24.</span><br style=\"box-sizing: border-box; color: #242424; font-family: Roboto, Helvetica, Arial, sans-serif; text-align: justify;\" /><span style=\"color: #242424; font-family: Roboto, Helvetica, Arial, sans-serif; text-align: justify;\">CPU: Intel Core i7 3770 3.4GHz up to 3.9GHz 8MB SmartCache.</span><br style=\"box-sizing: border-box; color: #242424; font-family: Roboto, Helvetica, Arial, sans-serif; text-align: justify;\" /><span style=\"color: #242424; font-family: Roboto, Helvetica, Arial, sans-serif; text-align: justify;\">Mainboard H61(Support Core i7, i5 ,i3, Intel Pentium, Intel Celeron in the, DR3 1600/1333 MHz, up to 16GB).</span><br style=\"box-sizing: border-box; color: #242424; font-family: Roboto, Helvetica, Arial, sans-serif; text-align: justify;\" /><span style=\"color: #242424; font-family: Roboto, Helvetica, Arial, sans-serif; text-align: justify;\">RAM DDR3: 8GB.</span><br style=\"box-sizing: border-box; color: #242424; font-family: Roboto, Helvetica, Arial, sans-serif; text-align: justify;\" /><span style=\"color: #242424; font-family: Roboto, Helvetica, Arial, sans-serif; text-align: justify;\">Ổ cứng SSD:120GB v&agrave;HDD: 500GB chuẩn Sata 7200RPM.</span><br style=\"box-sizing: border-box; color: #242424; font-family: Roboto, Helvetica, Arial, sans-serif; text-align: justify;\" /><span style=\"color: #242424; font-family: Roboto, Helvetica, Arial, sans-serif; text-align: justify;\">Card: VGA GTX 1050Ti</span><br style=\"box-sizing: border-box; color: #242424; font-family: Roboto, Helvetica, Arial, sans-serif; text-align: justify;\" /><span style=\"color: #242424; font-family: Roboto, Helvetica, Arial, sans-serif; text-align: justify;\">Phầm mềm Game v&agrave; Win: Hỗ trợ c&agrave;i đặt.</span></p>'),
(122, 'CPU ASUS 2000', 'cpu07', 'CPUASUS2000.jpg', 2000000, 1500000, 50, 37, 17, '1', '<p><span style=\"color: #242424; font-family: Roboto, Helvetica, Arial, sans-serif; text-align: justify;\">Chơi Max setting LOL, Fifa v&agrave; 100% c&aacute;c game online, Offline kh&aacute;c t&ugrave;y biến thiết lập.</span><br style=\"box-sizing: border-box; color: #242424; font-family: Roboto, Helvetica, Arial, sans-serif; text-align: justify;\" /><span style=\"color: #242424; font-family: Roboto, Helvetica, Arial, sans-serif; text-align: justify;\">Vỏ c&acirc;y nguồn 230W&ndash; 450W Full Size ATX tản nhiệt tốt.</span><br style=\"box-sizing: border-box; color: #242424; font-family: Roboto, Helvetica, Arial, sans-serif; text-align: justify;\" /><span style=\"color: #242424; font-family: Roboto, Helvetica, Arial, sans-serif; text-align: justify;\">M&aacute;y chạy &ecirc;m tiết kiệm điện,hoạt động 24/24.</span><br style=\"box-sizing: border-box; color: #242424; font-family: Roboto, Helvetica, Arial, sans-serif; text-align: justify;\" /><span style=\"color: #242424; font-family: Roboto, Helvetica, Arial, sans-serif; text-align: justify;\">CPU: Intel Core i7 3770 3.4GHz up to 3.9GHz 8MB SmartCache.</span><br style=\"box-sizing: border-box; color: #242424; font-family: Roboto, Helvetica, Arial, sans-serif; text-align: justify;\" /><span style=\"color: #242424; font-family: Roboto, Helvetica, Arial, sans-serif; text-align: justify;\">Mainboard H61(Support Core i7, i5 ,i3, Intel Pentium, Intel Celeron in the, DR3 1600/1333 MHz, up to 16GB).</span><br style=\"box-sizing: border-box; color: #242424; font-family: Roboto, Helvetica, Arial, sans-serif; text-align: justify;\" /><span style=\"color: #242424; font-family: Roboto, Helvetica, Arial, sans-serif; text-align: justify;\">RAM DDR3: 8GB.</span><br style=\"box-sizing: border-box; color: #242424; font-family: Roboto, Helvetica, Arial, sans-serif; text-align: justify;\" /><span style=\"color: #242424; font-family: Roboto, Helvetica, Arial, sans-serif; text-align: justify;\">Ổ cứng SSD:120GB v&agrave;HDD: 500GB chuẩn Sata 7200RPM.</span><br style=\"box-sizing: border-box; color: #242424; font-family: Roboto, Helvetica, Arial, sans-serif; text-align: justify;\" /><span style=\"color: #242424; font-family: Roboto, Helvetica, Arial, sans-serif; text-align: justify;\">Card: VGA GTX 1050Ti</span><br style=\"box-sizing: border-box; color: #242424; font-family: Roboto, Helvetica, Arial, sans-serif; text-align: justify;\" /><span style=\"color: #242424; font-family: Roboto, Helvetica, Arial, sans-serif; text-align: justify;\">Phầm mềm Game v&agrave; Win: Hỗ trợ c&agrave;i đặt.</span></p>'),
(123, 'Màn hình DELL 2500', 'mh0', '250_21828_man_hinh_dell_e1916h_02.jpg', 2500000, 2250000, 50, 38, 21, '1', '<p><span style=\"color: #242424; font-family: Roboto, Helvetica, Arial, sans-serif; text-align: justify;\">Thiết kế tinh giản, mở rộng kh&ocirc;ng gian giải tr&iacute;</span><br style=\"box-sizing: border-box; color: #242424; font-family: Roboto, Helvetica, Arial, sans-serif; text-align: justify;\" /><span style=\"color: #242424; font-family: Roboto, Helvetica, Arial, sans-serif; text-align: justify;\">C&ocirc;ng nghệ AMD Radeon FreeSync l&agrave;m mượt h&igrave;nh ảnh</span><br style=\"box-sizing: border-box; color: #242424; font-family: Roboto, Helvetica, Arial, sans-serif; text-align: justify;\" /><span style=\"color: #242424; font-family: Roboto, Helvetica, Arial, sans-serif; text-align: justify;\">Giải tr&iacute; vượt trội với Chế Độ Game</span><br style=\"box-sizing: border-box; color: #242424; font-family: Roboto, Helvetica, Arial, sans-serif; text-align: justify;\" /><span style=\"color: #242424; font-family: Roboto, Helvetica, Arial, sans-serif; text-align: justify;\">K&iacute;ch thước m&agrave;n h&igrave;nh: 21.5\"</span><br style=\"box-sizing: border-box; color: #242424; font-family: Roboto, Helvetica, Arial, sans-serif; text-align: justify;\" /><span style=\"color: #242424; font-family: Roboto, Helvetica, Arial, sans-serif; text-align: justify;\">Tỷ lệ m&agrave;n h&igrave;nh: 16:9</span><br style=\"box-sizing: border-box; color: #242424; font-family: Roboto, Helvetica, Arial, sans-serif; text-align: justify;\" /><span style=\"color: #242424; font-family: Roboto, Helvetica, Arial, sans-serif; text-align: justify;\">C&ocirc;ng nghệ tấm nền: IPS</span><br style=\"box-sizing: border-box; color: #242424; font-family: Roboto, Helvetica, Arial, sans-serif; text-align: justify;\" /><span style=\"color: #242424; font-family: Roboto, Helvetica, Arial, sans-serif; text-align: justify;\">Thời gian đ&aacute;p ứng 5(GTG)</span><br style=\"box-sizing: border-box; color: #242424; font-family: Roboto, Helvetica, Arial, sans-serif; text-align: justify;\" /><span style=\"color: #242424; font-family: Roboto, Helvetica, Arial, sans-serif; text-align: justify;\">Tần số qu&eacute;t: 75Hz</span><br style=\"box-sizing: border-box; color: #242424; font-family: Roboto, Helvetica, Arial, sans-serif; text-align: justify;\" /><span style=\"color: #242424; font-family: Roboto, Helvetica, Arial, sans-serif; text-align: justify;\">Cổng kết nối: HDMI, D-Sub</span></p>'),
(124, 'Màn hình 19ka 18.5 inch', 'mh02', '250_24164_ma__n_hi__nh_hp_19ka_18_5inch_led_1.jpg', 2400000, 2300000, 50, 38, 25, '1', '<p><span style=\"color: #242424; font-family: Roboto, Helvetica, Arial, sans-serif; text-align: justify;\">Thiết kế tinh giản, mở rộng kh&ocirc;ng gian giải tr&iacute;</span><br style=\"box-sizing: border-box; color: #242424; font-family: Roboto, Helvetica, Arial, sans-serif; text-align: justify;\" /><span style=\"color: #242424; font-family: Roboto, Helvetica, Arial, sans-serif; text-align: justify;\">C&ocirc;ng nghệ AMD Radeon FreeSync l&agrave;m mượt h&igrave;nh ảnh</span><br style=\"box-sizing: border-box; color: #242424; font-family: Roboto, Helvetica, Arial, sans-serif; text-align: justify;\" /><span style=\"color: #242424; font-family: Roboto, Helvetica, Arial, sans-serif; text-align: justify;\">Giải tr&iacute; vượt trội với Chế Độ Game</span><br style=\"box-sizing: border-box; color: #242424; font-family: Roboto, Helvetica, Arial, sans-serif; text-align: justify;\" /><span style=\"color: #242424; font-family: Roboto, Helvetica, Arial, sans-serif; text-align: justify;\">K&iacute;ch thước m&agrave;n h&igrave;nh: 21.5\"</span><br style=\"box-sizing: border-box; color: #242424; font-family: Roboto, Helvetica, Arial, sans-serif; text-align: justify;\" /><span style=\"color: #242424; font-family: Roboto, Helvetica, Arial, sans-serif; text-align: justify;\">Tỷ lệ m&agrave;n h&igrave;nh: 16:9</span><br style=\"box-sizing: border-box; color: #242424; font-family: Roboto, Helvetica, Arial, sans-serif; text-align: justify;\" /><span style=\"color: #242424; font-family: Roboto, Helvetica, Arial, sans-serif; text-align: justify;\">C&ocirc;ng nghệ tấm nền: IPS</span><br style=\"box-sizing: border-box; color: #242424; font-family: Roboto, Helvetica, Arial, sans-serif; text-align: justify;\" /><span style=\"color: #242424; font-family: Roboto, Helvetica, Arial, sans-serif; text-align: justify;\">Thời gian đ&aacute;p ứng 5(GTG)</span><br style=\"box-sizing: border-box; color: #242424; font-family: Roboto, Helvetica, Arial, sans-serif; text-align: justify;\" /><span style=\"color: #242424; font-family: Roboto, Helvetica, Arial, sans-serif; text-align: justify;\">Tần số qu&eacute;t: 75Hz</span><br style=\"box-sizing: border-box; color: #242424; font-family: Roboto, Helvetica, Arial, sans-serif; text-align: justify;\" /><span style=\"color: #242424; font-family: Roboto, Helvetica, Arial, sans-serif; text-align: justify;\">Cổng kết nối: HDMI, D-Sub</span></p>'),
(125, 'Màn hình DELL', 'mh03', '250_30242_21876_man_hinh_dell_e2216h_02.jpg', 1250000, 1000000, 50, 38, 21, '1', '<p><span style=\"color: #242424; font-family: Roboto, Helvetica, Arial, sans-serif; text-align: justify;\">Thiết kế tinh giản, mở rộng kh&ocirc;ng gian giải tr&iacute;</span><br style=\"box-sizing: border-box; color: #242424; font-family: Roboto, Helvetica, Arial, sans-serif; text-align: justify;\" /><span style=\"color: #242424; font-family: Roboto, Helvetica, Arial, sans-serif; text-align: justify;\">C&ocirc;ng nghệ AMD Radeon FreeSync l&agrave;m mượt h&igrave;nh ảnh</span><br style=\"box-sizing: border-box; color: #242424; font-family: Roboto, Helvetica, Arial, sans-serif; text-align: justify;\" /><span style=\"color: #242424; font-family: Roboto, Helvetica, Arial, sans-serif; text-align: justify;\">Giải tr&iacute; vượt trội với Chế Độ Game</span><br style=\"box-sizing: border-box; color: #242424; font-family: Roboto, Helvetica, Arial, sans-serif; text-align: justify;\" /><span style=\"color: #242424; font-family: Roboto, Helvetica, Arial, sans-serif; text-align: justify;\">K&iacute;ch thước m&agrave;n h&igrave;nh: 21.5\"</span><br style=\"box-sizing: border-box; color: #242424; font-family: Roboto, Helvetica, Arial, sans-serif; text-align: justify;\" /><span style=\"color: #242424; font-family: Roboto, Helvetica, Arial, sans-serif; text-align: justify;\">Tỷ lệ m&agrave;n h&igrave;nh: 16:9</span><br style=\"box-sizing: border-box; color: #242424; font-family: Roboto, Helvetica, Arial, sans-serif; text-align: justify;\" /><span style=\"color: #242424; font-family: Roboto, Helvetica, Arial, sans-serif; text-align: justify;\">C&ocirc;ng nghệ tấm nền: IPS</span><br style=\"box-sizing: border-box; color: #242424; font-family: Roboto, Helvetica, Arial, sans-serif; text-align: justify;\" /><span style=\"color: #242424; font-family: Roboto, Helvetica, Arial, sans-serif; text-align: justify;\">Thời gian đ&aacute;p ứng 5(GTG)</span><br style=\"box-sizing: border-box; color: #242424; font-family: Roboto, Helvetica, Arial, sans-serif; text-align: justify;\" /><span style=\"color: #242424; font-family: Roboto, Helvetica, Arial, sans-serif; text-align: justify;\">Tần số qu&eacute;t: 75Hz</span><br style=\"box-sizing: border-box; color: #242424; font-family: Roboto, Helvetica, Arial, sans-serif; text-align: justify;\" /><span style=\"color: #242424; font-family: Roboto, Helvetica, Arial, sans-serif; text-align: justify;\">Cổng kết nối: HDMI, D-Sub</span></p>'),
(126, 'Màn hình HP', 'mh01', '250_32755-mon-hp-22f-3aj92aa-1-1.jpg', 3200000, 3000000, 50, 38, 19, '1', '<p><span style=\"color: #242424; font-family: Roboto, Helvetica, Arial, sans-serif; text-align: justify;\">Thiết kế tinh giản, mở rộng kh&ocirc;ng gian giải tr&iacute;</span><br style=\"box-sizing: border-box; color: #242424; font-family: Roboto, Helvetica, Arial, sans-serif; text-align: justify;\" /><span style=\"color: #242424; font-family: Roboto, Helvetica, Arial, sans-serif; text-align: justify;\">C&ocirc;ng nghệ AMD Radeon FreeSync l&agrave;m mượt h&igrave;nh ảnh</span><br style=\"box-sizing: border-box; color: #242424; font-family: Roboto, Helvetica, Arial, sans-serif; text-align: justify;\" /><span style=\"color: #242424; font-family: Roboto, Helvetica, Arial, sans-serif; text-align: justify;\">Giải tr&iacute; vượt trội với Chế Độ Game</span><br style=\"box-sizing: border-box; color: #242424; font-family: Roboto, Helvetica, Arial, sans-serif; text-align: justify;\" /><span style=\"color: #242424; font-family: Roboto, Helvetica, Arial, sans-serif; text-align: justify;\">K&iacute;ch thước m&agrave;n h&igrave;nh: 21.5\"</span><br style=\"box-sizing: border-box; color: #242424; font-family: Roboto, Helvetica, Arial, sans-serif; text-align: justify;\" /><span style=\"color: #242424; font-family: Roboto, Helvetica, Arial, sans-serif; text-align: justify;\">Tỷ lệ m&agrave;n h&igrave;nh: 16:9</span><br style=\"box-sizing: border-box; color: #242424; font-family: Roboto, Helvetica, Arial, sans-serif; text-align: justify;\" /><span style=\"color: #242424; font-family: Roboto, Helvetica, Arial, sans-serif; text-align: justify;\">C&ocirc;ng nghệ tấm nền: IPS</span><br style=\"box-sizing: border-box; color: #242424; font-family: Roboto, Helvetica, Arial, sans-serif; text-align: justify;\" /><span style=\"color: #242424; font-family: Roboto, Helvetica, Arial, sans-serif; text-align: justify;\">Thời gian đ&aacute;p ứng 5(GTG)</span><br style=\"box-sizing: border-box; color: #242424; font-family: Roboto, Helvetica, Arial, sans-serif; text-align: justify;\" /><span style=\"color: #242424; font-family: Roboto, Helvetica, Arial, sans-serif; text-align: justify;\">Tần số qu&eacute;t: 75Hz</span><br style=\"box-sizing: border-box; color: #242424; font-family: Roboto, Helvetica, Arial, sans-serif; text-align: justify;\" /><span style=\"color: #242424; font-family: Roboto, Helvetica, Arial, sans-serif; text-align: justify;\">Cổng kết nối: HDMI, D-Sub</span></p>');
INSERT INTO `sanpham` (`idsanpham`, `tensp`, `masp`, `hinhanh`, `giadexuat`, `giagiam`, `soluong`, `loaisp`, `nhasx`, `tinhtrang`, `noidung`) VALUES
(127, 'Màn hình gallety 5', 'mh04', '250_38861_mnt_34wk95c_gallery_5.jpg', 3800000, 3600000, 50, 38, 25, '1', '<p><span style=\"color: #242424; font-family: Roboto, Helvetica, Arial, sans-serif; text-align: justify;\">Thiết kế tinh giản, mở rộng kh&ocirc;ng gian giải tr&iacute;</span><br style=\"box-sizing: border-box; color: #242424; font-family: Roboto, Helvetica, Arial, sans-serif; text-align: justify;\" /><span style=\"color: #242424; font-family: Roboto, Helvetica, Arial, sans-serif; text-align: justify;\">C&ocirc;ng nghệ AMD Radeon FreeSync l&agrave;m mượt h&igrave;nh ảnh</span><br style=\"box-sizing: border-box; color: #242424; font-family: Roboto, Helvetica, Arial, sans-serif; text-align: justify;\" /><span style=\"color: #242424; font-family: Roboto, Helvetica, Arial, sans-serif; text-align: justify;\">Giải tr&iacute; vượt trội với Chế Độ Game</span><br style=\"box-sizing: border-box; color: #242424; font-family: Roboto, Helvetica, Arial, sans-serif; text-align: justify;\" /><span style=\"color: #242424; font-family: Roboto, Helvetica, Arial, sans-serif; text-align: justify;\">K&iacute;ch thước m&agrave;n h&igrave;nh: 21.5\"</span><br style=\"box-sizing: border-box; color: #242424; font-family: Roboto, Helvetica, Arial, sans-serif; text-align: justify;\" /><span style=\"color: #242424; font-family: Roboto, Helvetica, Arial, sans-serif; text-align: justify;\">Tỷ lệ m&agrave;n h&igrave;nh: 16:9</span><br style=\"box-sizing: border-box; color: #242424; font-family: Roboto, Helvetica, Arial, sans-serif; text-align: justify;\" /><span style=\"color: #242424; font-family: Roboto, Helvetica, Arial, sans-serif; text-align: justify;\">C&ocirc;ng nghệ tấm nền: IPS</span><br style=\"box-sizing: border-box; color: #242424; font-family: Roboto, Helvetica, Arial, sans-serif; text-align: justify;\" /><span style=\"color: #242424; font-family: Roboto, Helvetica, Arial, sans-serif; text-align: justify;\">Thời gian đ&aacute;p ứng 5(GTG)</span><br style=\"box-sizing: border-box; color: #242424; font-family: Roboto, Helvetica, Arial, sans-serif; text-align: justify;\" /><span style=\"color: #242424; font-family: Roboto, Helvetica, Arial, sans-serif; text-align: justify;\">Tần số qu&eacute;t: 75Hz</span><br style=\"box-sizing: border-box; color: #242424; font-family: Roboto, Helvetica, Arial, sans-serif; text-align: justify;\" /><span style=\"color: #242424; font-family: Roboto, Helvetica, Arial, sans-serif; text-align: justify;\">Cổng kết nối: HDMI, D-Sub</span></p>'),
(128, 'Màn hình Sony Vaio', 'mh05', 'manhinhsony990.jpg', 990000, 990000, 50, 38, 22, '1', '<p><span style=\"color: #242424; font-family: Roboto, Helvetica, Arial, sans-serif; text-align: justify;\">Thiết kế tinh giản, mở rộng kh&ocirc;ng gian giải tr&iacute;</span><br style=\"box-sizing: border-box; color: #242424; font-family: Roboto, Helvetica, Arial, sans-serif; text-align: justify;\" /><span style=\"color: #242424; font-family: Roboto, Helvetica, Arial, sans-serif; text-align: justify;\">C&ocirc;ng nghệ AMD Radeon FreeSync l&agrave;m mượt h&igrave;nh ảnh</span><br style=\"box-sizing: border-box; color: #242424; font-family: Roboto, Helvetica, Arial, sans-serif; text-align: justify;\" /><span style=\"color: #242424; font-family: Roboto, Helvetica, Arial, sans-serif; text-align: justify;\">Giải tr&iacute; vượt trội với Chế Độ Game</span><br style=\"box-sizing: border-box; color: #242424; font-family: Roboto, Helvetica, Arial, sans-serif; text-align: justify;\" /><span style=\"color: #242424; font-family: Roboto, Helvetica, Arial, sans-serif; text-align: justify;\">K&iacute;ch thước m&agrave;n h&igrave;nh: 21.5\"</span><br style=\"box-sizing: border-box; color: #242424; font-family: Roboto, Helvetica, Arial, sans-serif; text-align: justify;\" /><span style=\"color: #242424; font-family: Roboto, Helvetica, Arial, sans-serif; text-align: justify;\">Tỷ lệ m&agrave;n h&igrave;nh: 16:9</span><br style=\"box-sizing: border-box; color: #242424; font-family: Roboto, Helvetica, Arial, sans-serif; text-align: justify;\" /><span style=\"color: #242424; font-family: Roboto, Helvetica, Arial, sans-serif; text-align: justify;\">C&ocirc;ng nghệ tấm nền: IPS</span><br style=\"box-sizing: border-box; color: #242424; font-family: Roboto, Helvetica, Arial, sans-serif; text-align: justify;\" /><span style=\"color: #242424; font-family: Roboto, Helvetica, Arial, sans-serif; text-align: justify;\">Thời gian đ&aacute;p ứng 5(GTG)</span><br style=\"box-sizing: border-box; color: #242424; font-family: Roboto, Helvetica, Arial, sans-serif; text-align: justify;\" /><span style=\"color: #242424; font-family: Roboto, Helvetica, Arial, sans-serif; text-align: justify;\">Tần số qu&eacute;t: 75Hz</span><br style=\"box-sizing: border-box; color: #242424; font-family: Roboto, Helvetica, Arial, sans-serif; text-align: justify;\" /><span style=\"color: #242424; font-family: Roboto, Helvetica, Arial, sans-serif; text-align: justify;\">Cổng kết nối: HDMI, D-Sub</span></p>'),
(129, 'Màn hình MSI 4300', 'mh06', 'manhinhmsi4300.jpg', 4500000, 4300000, 50, 38, 15, '1', '<p><span style=\"color: #242424; font-family: Roboto, Helvetica, Arial, sans-serif; text-align: justify;\">Thiết kế tinh giản, mở rộng kh&ocirc;ng gian giải tr&iacute;</span><br style=\"box-sizing: border-box; color: #242424; font-family: Roboto, Helvetica, Arial, sans-serif; text-align: justify;\" /><span style=\"color: #242424; font-family: Roboto, Helvetica, Arial, sans-serif; text-align: justify;\">C&ocirc;ng nghệ AMD Radeon FreeSync l&agrave;m mượt h&igrave;nh ảnh</span><br style=\"box-sizing: border-box; color: #242424; font-family: Roboto, Helvetica, Arial, sans-serif; text-align: justify;\" /><span style=\"color: #242424; font-family: Roboto, Helvetica, Arial, sans-serif; text-align: justify;\">Giải tr&iacute; vượt trội với Chế Độ Game</span><br style=\"box-sizing: border-box; color: #242424; font-family: Roboto, Helvetica, Arial, sans-serif; text-align: justify;\" /><span style=\"color: #242424; font-family: Roboto, Helvetica, Arial, sans-serif; text-align: justify;\">K&iacute;ch thước m&agrave;n h&igrave;nh: 21.5\"</span><br style=\"box-sizing: border-box; color: #242424; font-family: Roboto, Helvetica, Arial, sans-serif; text-align: justify;\" /><span style=\"color: #242424; font-family: Roboto, Helvetica, Arial, sans-serif; text-align: justify;\">Tỷ lệ m&agrave;n h&igrave;nh: 16:9</span><br style=\"box-sizing: border-box; color: #242424; font-family: Roboto, Helvetica, Arial, sans-serif; text-align: justify;\" /><span style=\"color: #242424; font-family: Roboto, Helvetica, Arial, sans-serif; text-align: justify;\">C&ocirc;ng nghệ tấm nền: IPS</span><br style=\"box-sizing: border-box; color: #242424; font-family: Roboto, Helvetica, Arial, sans-serif; text-align: justify;\" /><span style=\"color: #242424; font-family: Roboto, Helvetica, Arial, sans-serif; text-align: justify;\">Thời gian đ&aacute;p ứng 5(GTG)</span><br style=\"box-sizing: border-box; color: #242424; font-family: Roboto, Helvetica, Arial, sans-serif; text-align: justify;\" /><span style=\"color: #242424; font-family: Roboto, Helvetica, Arial, sans-serif; text-align: justify;\">Tần số qu&eacute;t: 75Hz</span><br style=\"box-sizing: border-box; color: #242424; font-family: Roboto, Helvetica, Arial, sans-serif; text-align: justify;\" /><span style=\"color: #242424; font-family: Roboto, Helvetica, Arial, sans-serif; text-align: justify;\">Cổng kết nối: HDMI, D-Sub</span></p>'),
(130, 'Màn hình SamSung 2040', 'mh06', 'mhss2040.jpg', 2100000, 2040000, 50, 38, 18, '1', '<p><span style=\"color: #242424; font-family: Roboto, Helvetica, Arial, sans-serif; text-align: justify;\">Thiết kế tinh giản, mở rộng kh&ocirc;ng gian giải tr&iacute;</span><br style=\"box-sizing: border-box; color: #242424; font-family: Roboto, Helvetica, Arial, sans-serif; text-align: justify;\" /><span style=\"color: #242424; font-family: Roboto, Helvetica, Arial, sans-serif; text-align: justify;\">C&ocirc;ng nghệ AMD Radeon FreeSync l&agrave;m mượt h&igrave;nh ảnh</span><br style=\"box-sizing: border-box; color: #242424; font-family: Roboto, Helvetica, Arial, sans-serif; text-align: justify;\" /><span style=\"color: #242424; font-family: Roboto, Helvetica, Arial, sans-serif; text-align: justify;\">Giải tr&iacute; vượt trội với Chế Độ Game</span><br style=\"box-sizing: border-box; color: #242424; font-family: Roboto, Helvetica, Arial, sans-serif; text-align: justify;\" /><span style=\"color: #242424; font-family: Roboto, Helvetica, Arial, sans-serif; text-align: justify;\">K&iacute;ch thước m&agrave;n h&igrave;nh: 21.5\"</span><br style=\"box-sizing: border-box; color: #242424; font-family: Roboto, Helvetica, Arial, sans-serif; text-align: justify;\" /><span style=\"color: #242424; font-family: Roboto, Helvetica, Arial, sans-serif; text-align: justify;\">Tỷ lệ m&agrave;n h&igrave;nh: 16:9</span><br style=\"box-sizing: border-box; color: #242424; font-family: Roboto, Helvetica, Arial, sans-serif; text-align: justify;\" /><span style=\"color: #242424; font-family: Roboto, Helvetica, Arial, sans-serif; text-align: justify;\">C&ocirc;ng nghệ tấm nền: IPS</span><br style=\"box-sizing: border-box; color: #242424; font-family: Roboto, Helvetica, Arial, sans-serif; text-align: justify;\" /><span style=\"color: #242424; font-family: Roboto, Helvetica, Arial, sans-serif; text-align: justify;\">Thời gian đ&aacute;p ứng 5(GTG)</span><br style=\"box-sizing: border-box; color: #242424; font-family: Roboto, Helvetica, Arial, sans-serif; text-align: justify;\" /><span style=\"color: #242424; font-family: Roboto, Helvetica, Arial, sans-serif; text-align: justify;\">Tần số qu&eacute;t: 75Hz</span><br style=\"box-sizing: border-box; color: #242424; font-family: Roboto, Helvetica, Arial, sans-serif; text-align: justify;\" /><span style=\"color: #242424; font-family: Roboto, Helvetica, Arial, sans-serif; text-align: justify;\">Cổng kết nối: HDMI, D-Sub</span></p>'),
(131, 'Màn hình SamSung 2200', 'mh05', 'mhss2200.jpg', 2300000, 2200000, 50, 38, 18, '1', '<p><span style=\"color: #242424; font-family: Roboto, Helvetica, Arial, sans-serif; text-align: justify;\">Thiết kế tinh giản, mở rộng kh&ocirc;ng gian giải tr&iacute;</span><br style=\"box-sizing: border-box; color: #242424; font-family: Roboto, Helvetica, Arial, sans-serif; text-align: justify;\" /><span style=\"color: #242424; font-family: Roboto, Helvetica, Arial, sans-serif; text-align: justify;\">C&ocirc;ng nghệ AMD Radeon FreeSync l&agrave;m mượt h&igrave;nh ảnh</span><br style=\"box-sizing: border-box; color: #242424; font-family: Roboto, Helvetica, Arial, sans-serif; text-align: justify;\" /><span style=\"color: #242424; font-family: Roboto, Helvetica, Arial, sans-serif; text-align: justify;\">Giải tr&iacute; vượt trội với Chế Độ Game</span><br style=\"box-sizing: border-box; color: #242424; font-family: Roboto, Helvetica, Arial, sans-serif; text-align: justify;\" /><span style=\"color: #242424; font-family: Roboto, Helvetica, Arial, sans-serif; text-align: justify;\">K&iacute;ch thước m&agrave;n h&igrave;nh: 21.5\"</span><br style=\"box-sizing: border-box; color: #242424; font-family: Roboto, Helvetica, Arial, sans-serif; text-align: justify;\" /><span style=\"color: #242424; font-family: Roboto, Helvetica, Arial, sans-serif; text-align: justify;\">Tỷ lệ m&agrave;n h&igrave;nh: 16:9</span><br style=\"box-sizing: border-box; color: #242424; font-family: Roboto, Helvetica, Arial, sans-serif; text-align: justify;\" /><span style=\"color: #242424; font-family: Roboto, Helvetica, Arial, sans-serif; text-align: justify;\">C&ocirc;ng nghệ tấm nền: IPS</span><br style=\"box-sizing: border-box; color: #242424; font-family: Roboto, Helvetica, Arial, sans-serif; text-align: justify;\" /><span style=\"color: #242424; font-family: Roboto, Helvetica, Arial, sans-serif; text-align: justify;\">Thời gian đ&aacute;p ứng 5(GTG)</span><br style=\"box-sizing: border-box; color: #242424; font-family: Roboto, Helvetica, Arial, sans-serif; text-align: justify;\" /><span style=\"color: #242424; font-family: Roboto, Helvetica, Arial, sans-serif; text-align: justify;\">Tần số qu&eacute;t: 75Hz</span><br style=\"box-sizing: border-box; color: #242424; font-family: Roboto, Helvetica, Arial, sans-serif; text-align: justify;\" /><span style=\"color: #242424; font-family: Roboto, Helvetica, Arial, sans-serif; text-align: justify;\">Cổng kết nối: HDMI, D-Sub</span></p>'),
(132, 'Màn hình SamSung 3300', 'mh07', 'mhss3300.jpg', 3300000, 3000000, 50, 38, 18, '1', '<p><span style=\"color: #242424; font-family: Roboto, Helvetica, Arial, sans-serif; text-align: justify;\">Thiết kế tinh giản, mở rộng kh&ocirc;ng gian giải tr&iacute;</span><br style=\"box-sizing: border-box; color: #242424; font-family: Roboto, Helvetica, Arial, sans-serif; text-align: justify;\" /><span style=\"color: #242424; font-family: Roboto, Helvetica, Arial, sans-serif; text-align: justify;\">C&ocirc;ng nghệ AMD Radeon FreeSync l&agrave;m mượt h&igrave;nh ảnh</span><br style=\"box-sizing: border-box; color: #242424; font-family: Roboto, Helvetica, Arial, sans-serif; text-align: justify;\" /><span style=\"color: #242424; font-family: Roboto, Helvetica, Arial, sans-serif; text-align: justify;\">Giải tr&iacute; vượt trội với Chế Độ Game</span><br style=\"box-sizing: border-box; color: #242424; font-family: Roboto, Helvetica, Arial, sans-serif; text-align: justify;\" /><span style=\"color: #242424; font-family: Roboto, Helvetica, Arial, sans-serif; text-align: justify;\">K&iacute;ch thước m&agrave;n h&igrave;nh: 21.5\"</span><br style=\"box-sizing: border-box; color: #242424; font-family: Roboto, Helvetica, Arial, sans-serif; text-align: justify;\" /><span style=\"color: #242424; font-family: Roboto, Helvetica, Arial, sans-serif; text-align: justify;\">Tỷ lệ m&agrave;n h&igrave;nh: 16:9</span><br style=\"box-sizing: border-box; color: #242424; font-family: Roboto, Helvetica, Arial, sans-serif; text-align: justify;\" /><span style=\"color: #242424; font-family: Roboto, Helvetica, Arial, sans-serif; text-align: justify;\">C&ocirc;ng nghệ tấm nền: IPS</span><br style=\"box-sizing: border-box; color: #242424; font-family: Roboto, Helvetica, Arial, sans-serif; text-align: justify;\" /><span style=\"color: #242424; font-family: Roboto, Helvetica, Arial, sans-serif; text-align: justify;\">Thời gian đ&aacute;p ứng 5(GTG)</span><br style=\"box-sizing: border-box; color: #242424; font-family: Roboto, Helvetica, Arial, sans-serif; text-align: justify;\" /><span style=\"color: #242424; font-family: Roboto, Helvetica, Arial, sans-serif; text-align: justify;\">Tần số qu&eacute;t: 75Hz</span><br style=\"box-sizing: border-box; color: #242424; font-family: Roboto, Helvetica, Arial, sans-serif; text-align: justify;\" /><span style=\"color: #242424; font-family: Roboto, Helvetica, Arial, sans-serif; text-align: justify;\">Cổng kết nối: HDMI, D-Sub</span></p>'),
(133, 'Màn hình Sony Vaio 1400', 'mh08', 'mnahinhsony1400.jpg', 1500000, 1400000, 50, 38, 22, '1', '<p><span style=\"color: #242424; font-family: Roboto, Helvetica, Arial, sans-serif; text-align: justify;\">Thiết kế tinh giản, mở rộng kh&ocirc;ng gian giải tr&iacute;</span><br style=\"box-sizing: border-box; color: #242424; font-family: Roboto, Helvetica, Arial, sans-serif; text-align: justify;\" /><span style=\"color: #242424; font-family: Roboto, Helvetica, Arial, sans-serif; text-align: justify;\">C&ocirc;ng nghệ AMD Radeon FreeSync l&agrave;m mượt h&igrave;nh ảnh</span><br style=\"box-sizing: border-box; color: #242424; font-family: Roboto, Helvetica, Arial, sans-serif; text-align: justify;\" /><span style=\"color: #242424; font-family: Roboto, Helvetica, Arial, sans-serif; text-align: justify;\">Giải tr&iacute; vượt trội với Chế Độ Game</span><br style=\"box-sizing: border-box; color: #242424; font-family: Roboto, Helvetica, Arial, sans-serif; text-align: justify;\" /><span style=\"color: #242424; font-family: Roboto, Helvetica, Arial, sans-serif; text-align: justify;\">K&iacute;ch thước m&agrave;n h&igrave;nh: 21.5\"</span><br style=\"box-sizing: border-box; color: #242424; font-family: Roboto, Helvetica, Arial, sans-serif; text-align: justify;\" /><span style=\"color: #242424; font-family: Roboto, Helvetica, Arial, sans-serif; text-align: justify;\">Tỷ lệ m&agrave;n h&igrave;nh: 16:9</span><br style=\"box-sizing: border-box; color: #242424; font-family: Roboto, Helvetica, Arial, sans-serif; text-align: justify;\" /><span style=\"color: #242424; font-family: Roboto, Helvetica, Arial, sans-serif; text-align: justify;\">C&ocirc;ng nghệ tấm nền: IPS</span><br style=\"box-sizing: border-box; color: #242424; font-family: Roboto, Helvetica, Arial, sans-serif; text-align: justify;\" /><span style=\"color: #242424; font-family: Roboto, Helvetica, Arial, sans-serif; text-align: justify;\">Thời gian đ&aacute;p ứng 5(GTG)</span><br style=\"box-sizing: border-box; color: #242424; font-family: Roboto, Helvetica, Arial, sans-serif; text-align: justify;\" /><span style=\"color: #242424; font-family: Roboto, Helvetica, Arial, sans-serif; text-align: justify;\">Tần số qu&eacute;t: 75Hz</span><br style=\"box-sizing: border-box; color: #242424; font-family: Roboto, Helvetica, Arial, sans-serif; text-align: justify;\" /><span style=\"color: #242424; font-family: Roboto, Helvetica, Arial, sans-serif; text-align: justify;\">Cổng kết nối: HDMI, D-Sub</span></p>'),
(134, 'HDD góc nghiêng', 'hdd01', '250_34921_khay_dat_hddssd_caddy_25_cho_laptop_loai_mong_goc_nghieng.jpg', 800000, 750000, 50, 28, 15, '1', '<p><span style=\"color: #242424; font-family: Roboto, sans-serif; text-align: justify;\">Bao b&igrave; sản phẩm sẽ đươc cắt ra để d&aacute;n tem bảo h&agrave;nh</span><br style=\"box-sizing: border-box; color: #242424; font-family: Roboto, sans-serif; text-align: justify;\" /><span style=\"color: #242424; font-family: Roboto, sans-serif; text-align: justify;\">Sản phẩm kh&aacute;ch nhận được bao gồm một ổ cứng v&agrave; một t&uacute;i chống tĩnh điện b&ecirc;n ngo&agrave;i đ&atilde; được cắt ra</span></p>'),
(135, 'HDD ORICO 1106s', 'hdd02', '250_41928_goc_cheo_khay_dat_hddssd_caddy_35_cho_laptop_va_desktop_orico_1106ss.jpg', 900000, 800000, 50, 28, 25, '1', '<p><span style=\"color: #242424; font-family: Roboto, sans-serif; text-align: justify;\">Bao b&igrave; sản phẩm sẽ đươc cắt ra để d&aacute;n tem bảo h&agrave;nh</span><br style=\"box-sizing: border-box; color: #242424; font-family: Roboto, sans-serif; text-align: justify;\" /><span style=\"color: #242424; font-family: Roboto, sans-serif; text-align: justify;\">Sản phẩm kh&aacute;ch nhận được bao gồm một ổ cứng v&agrave; một t&uacute;i chống tĩnh điện b&ecirc;n ngo&agrave;i đ&atilde; được cắt ra</span></p>'),
(136, 'HDD khay card rico I127ss', 'hdd03', '250_41929_khay_dat_hddssd_caddy_25_cho_laptop_orico_l127ss_chinh_dien.jpg', 150000, 130000, 50, 28, 25, '1', '<p><span style=\"color: #242424; font-family: Roboto, sans-serif; text-align: justify;\">Bao b&igrave; sản phẩm sẽ đươc cắt ra để d&aacute;n tem bảo h&agrave;nh</span><br style=\"box-sizing: border-box; color: #242424; font-family: Roboto, sans-serif; text-align: justify;\" /><span style=\"color: #242424; font-family: Roboto, sans-serif; text-align: justify;\">Sản phẩm kh&aacute;ch nhận được bao gồm một ổ cứng v&agrave; một t&uacute;i chống tĩnh điện b&ecirc;n ngo&agrave;i đ&atilde; được cắt ra</span></p>'),
(137, 'HDD TCM2', 'hdd04', '250_49543_tcm2.jpg', 700000, 550000, 50, 28, 25, '1', '<p><span style=\"color: #242424; font-family: Roboto, sans-serif; text-align: justify;\">Bao b&igrave; sản phẩm sẽ đươc cắt ra để d&aacute;n tem bảo h&agrave;nh</span><br style=\"box-sizing: border-box; color: #242424; font-family: Roboto, sans-serif; text-align: justify;\" /><span style=\"color: #242424; font-family: Roboto, sans-serif; text-align: justify;\">Sản phẩm kh&aacute;ch nhận được bao gồm một ổ cứng v&agrave; một t&uacute;i chống tĩnh điện b&ecirc;n ngo&agrave;i đ&atilde; được cắt ra</span></p>'),
(138, 'HDD TOSHIBA 1200', 'hdd05', 'hddtoshiba1200.jpg', 1500000, 1200000, 50, 28, 16, '1', '<p><span style=\"color: #242424; font-family: Roboto, sans-serif; text-align: justify;\">Bao b&igrave; sản phẩm sẽ đươc cắt ra để d&aacute;n tem bảo h&agrave;nh</span><br style=\"box-sizing: border-box; color: #242424; font-family: Roboto, sans-serif; text-align: justify;\" /><span style=\"color: #242424; font-family: Roboto, sans-serif; text-align: justify;\">Sản phẩm kh&aacute;ch nhận được bao gồm một ổ cứng v&agrave; một t&uacute;i chống tĩnh điện b&ecirc;n ngo&agrave;i đ&atilde; được cắt ra</span></p>'),
(139, 'Balo DELL 590', 'bl02', 'balodell590.jpg', 600000, 590000, 50, 35, 21, '1', '<p><span style=\"color: #242424; font-family: Roboto, Helvetica, Arial, sans-serif; text-align: justify;\">H&atilde;ng sản xuất: Dell</span><br style=\"box-sizing: border-box; color: #242424; font-family: Roboto, Helvetica, Arial, sans-serif; text-align: justify;\" /><span style=\"color: #242424; font-family: Roboto, Helvetica, Arial, sans-serif; text-align: justify;\">M&agrave;u sắc: M&agrave;u đen với m&agrave;u đỏ l&agrave; điểm nhấn</span><br style=\"box-sizing: border-box; color: #242424; font-family: Roboto, Helvetica, Arial, sans-serif; text-align: justify;\" /><span style=\"color: #242424; font-family: Roboto, Helvetica, Arial, sans-serif; text-align: justify;\">Tương th&iacute;ch m&aacute;y t&iacute;nh x&aacute;ch tay: 17 inch</span></p>'),
(140, 'Balo DELL 1490', 'bl03', 'balodeo1490.jpg', 1500000, 1490000, 50, 35, 21, '1', '<p><span style=\"color: #242424; font-family: Roboto, Helvetica, Arial, sans-serif; text-align: justify;\">H&atilde;ng sản xuất: Dell</span><br style=\"box-sizing: border-box; color: #242424; font-family: Roboto, Helvetica, Arial, sans-serif; text-align: justify;\" /><span style=\"color: #242424; font-family: Roboto, Helvetica, Arial, sans-serif; text-align: justify;\">M&agrave;u sắc: M&agrave;u đen với m&agrave;u đỏ l&agrave; điểm nhấn</span><br style=\"box-sizing: border-box; color: #242424; font-family: Roboto, Helvetica, Arial, sans-serif; text-align: justify;\" /><span style=\"color: #242424; font-family: Roboto, Helvetica, Arial, sans-serif; text-align: justify;\">Tương th&iacute;ch m&aacute;y t&iacute;nh x&aacute;ch tay: 17 inch</span></p>'),
(141, 'Dây nguồn số 825', 'k01', 'datnguonso825.jpeg', 850000, 825000, 50, 35, 25, '1', '<p>nothing</p>'),
(142, 'DELL Adapter', 'k02', 'DellAdapter1390.jpg', 1500000, 1390000, 50, 35, 21, '1', '<p><span style=\"color: #242424; font-family: Roboto, Helvetica, Arial, sans-serif; text-align: justify;\">nothing</span></p>'),
(143, 'Ổ DVD SAMSUNG', 'k03', 'DVDSS.jpg', 600000, 450000, 50, 35, 18, '1', '<p>đơn giản l&agrave; ở DVD</p>'),
(144, 'Miếng lót APPLE 390', 'a01', 'Lot_Apple_390.jpg', 400000, 390000, 50, 35, 24, '1', '<p>nothing</p>'),
(145, 'Ốp MACBOOK', 'a02', 'op_macbook_690.jpg', 700000, 690000, 50, 35, 24, '1', '<p>nothing</p>'),
(146, 'Giá treo tai nghe MSI 420', 'k04', 'giatreotaynghemsi420.jpg', 450000, 420000, 0, 35, 15, '1', '<p>nothing</p>'),
(147, 'Ốp MACBOOK 131150', 'a03', 'opMacBook_pro131150.jpg', 1300000, 1000000, 50, 35, 24, '1', '<p>nothing</p>'),
(148, 'Ốp RED APPLE 650', 'a04', 'opredapple650.jpg', 700000, 650000, 50, 35, 24, '1', '<p>nothing</p>'),
(149, 'Pin ACER 170', 'p01', 'phinacer170.jpg', 200000, 170000, 50, 35, 20, '1', '<p>nothing</p>'),
(150, 'Pin SONY VAIO 670', 'p02', 'phinsony670.jpg', 700000, 670000, 50, 35, 22, '1', '<p>nothing</p>'),
(151, 'Pin LENOVO 750', 'p03', 'pinlenovo750.jpg', 800000, 750000, 50, 35, 23, '1', '<p>nothing</p>'),
(152, 'Pin Acer 500', 'p04', 'pinacẻ.png', 500000, 450000, 50, 35, 20, '1', '<p>nothing</p>'),
(153, 'Pin ACER 750', 'p05', 'pinsony720.jpg', 750000, 720000, 50, 35, 20, '1', '<p>nothing</p>'),
(154, 'Sạc Lenovo 180', 's01', 'saclenovo180.jpg', 200000, 180000, 50, 35, 23, '1', '<p>nothing</p>'),
(155, 'Sạc SamSung 30', 's02', 'sacss30.png', 50000, 30000, 50, 35, 18, '1', '<p>nothing</p>'),
(156, 'Sạc AcER 175', 's03', 'saacacer175.jfif', 200000, 175000, 50, 35, 20, '1', '<p>nothing</p>'),
(157, 'Tản nhiệt apple 1000', 'a05', 'tannhiet_apple_1000.jpg', 120000, 100000, 50, 35, 24, '1', '<p>nothing</p>'),
(158, 'Bộ dán combo 5', 'cb01', 'bodancombo5_apple.jpg', 250000, 200000, 50, 35, 24, '1', '<p>nothing</p>'),
(159, 'Bộ mạch chủ ACER 1400', 'm01', 'bomachchuaasus1400.png', 1500000, 1400000, 50, 36, 20, '1', '<p>nothing</p>'),
(160, 'Bộ mạch chủ ACER 1600', 'm02', 'bomachchuasus1600.jpg', 1600000, 1500000, 50, 36, 17, '1', '<p>nothing</p>'),
(161, 'Bộ mạch chủ ACER 2000', 'm03', 'bomachchuasus2000.jpg', 2500000, 2000000, 50, 36, 17, '1', '<p>nothing</p>'),
(162, 'Bộ mạch chủ ACER 3000', 'm04', 'bomachchuasus3000.jpg', 3000000, 2900000, 50, 36, 17, '1', '<p>nothing</p>'),
(163, 'Bộ mạch chủ MSI 4800', 'm05', 'bomachchumsi4800.png', 5000000, 4800000, 50, 36, 15, '1', '<p>nothing</p>'),
(164, 'Bộ mạch chủ SONY VAIO 2000', 'm06', 'mainsony2000.jpg', 2200000, 2000000, 50, 36, 22, '1', '<p>nothing</p>'),
(165, 'Chuột logitch 100', 'c02', '250_6848_chu____t_logitech_b100_usb_1.jpg', 70000, 60000, 50, 32, 25, '1', '<p>nothing</p>'),
(166, 'Chuột lenovo 49', 'c03', 'chuoutlenovo49.jpg', 50000, 49000, 50, 32, 23, '1', '<p>nothing</p>'),
(167, 'Chuột DELL 900', 'c05', 'ChuotDellMS5 890.jpg', 900000, 890000, 50, 32, 21, '1', '<p>nothing</p>'),
(168, 'Chuột DELL 1000', 'c06', 'MouseDellMS5320990.jpg', 100000, 990000, 50, 32, 21, '1', '<p>nothing</p>'),
(169, 'Bộ nguôn FSP HD600', 'b01', '250_31135_nguon_fsp_hydro_series_600w_model_hd600_0001_2.jpg', 700000, 600000, 50, 29, 25, '1', '<p>nothing</p>'),
(170, 'Bộ nguồn MSI 550', 'b02', 'bonguonmsi550.png', 600000, 550000, 50, 29, 15, '1', '<p>nothing</p>'),
(171, 'Bộ nguồn HP 790', 'b03', 'bonguon790.jpg', 800000, 790000, 50, 29, 19, '1', '<p>nothing</p>'),
(172, 'Bộ nguồn MSI 1250', 'b04', 'bonguonmsi1250.png', 1250000, 1200000, 50, 29, 15, '1', '<p>nothing</p>'),
(173, 'Bộ nguồn HP 400', 'b05', 'bonguon360.jpg', 400000, 350000, 50, 29, 19, '1', '<p>nothing</p>'),
(174, 'PSU HP 50770 black', 'b06', '250_50770_nguon_gamemax_vp350_350w_mau_den_0003_1__1_.jpg', 900000, 850000, 50, 29, 19, '1', '<p>nothing</p>'),
(175, 'RAM HP ECC', 'r01', '250_47682_kingston_ecc__32gb2666_ksm26rd432hai.jpg', 900000, 800000, 50, 26, 19, '1', '<p>nothing</p>'),
(176, 'RAM SAMSUNG 480', 'r02', 'RAMSS480.jpg', 500000, 480000, 50, 26, 18, '1', '<p>nothing</p>'),
(177, 'RAM TOSHIBA GSKILL', 'r03', '250_48711_gskill_trident_z_neo.jpg', 1050000, 1000000, 50, 26, 16, '1', '<p>nothing</p>'),
(178, 'SSD SAMSUNG 250GB', 'ss01', '250_41502_____c___ng_ssd_samsung_860_evo_250gb_2_5_inch_sata3.jpg', 1400000, 1400000, 50, 27, 18, '1', '<p>nothing</p>'),
(179, 'SSD MSI 120GB', 'ss01', '250_45363_____c___ng_ssd_plextor_px_128m8vc_128gb.jpg', 400000, 350000, 50, 27, 15, '1', '<p>nothing</p>'),
(180, 'SDD HP Black 5000GB', 'ss02', '250_45817_____c___ng_ssd_wd_sn750_black_500gb.jpg', 3000000, 2500000, 50, 27, 19, '1', '<p>nothing</p>'),
(181, 'SDD ACER PCIE', 'ss03', '250_45774_m2_pcie_adata_asx6000lnp_256gb_pcie_nvme_3x4_01.png', 500000, 400000, 50, 27, 19, '1', '<p>nothing</p>');

-- --------------------------------------------------------

--
-- Cấu trúc bảng cho bảng `tintuc`
--

CREATE TABLE `tintuc` (
  `idtintuc` int(11) NOT NULL,
  `tentintuc` tinytext CHARACTER SET utf8mb4 COLLATE utf8mb4_vietnamese_ci NOT NULL,
  `matin` varchar(100) CHARACTER SET utf8mb4 COLLATE utf8mb4_vietnamese_ci NOT NULL,
  `hinhanh` varchar(100) CHARACTER SET utf8mb4 COLLATE utf8mb4_vietnamese_ci NOT NULL,
  `noidung` longtext CHARACTER SET utf8mb4 COLLATE utf8mb4_vietnamese_ci NOT NULL,
  `tinhtrang` varchar(100) CHARACTER SET utf8mb4 COLLATE utf8mb4_vietnamese_ci NOT NULL
) ENGINE=InnoDB DEFAULT CHARSET=utf8;

--
-- Đang đổ dữ liệu cho bảng `tintuc`
--

INSERT INTO `tintuc` (`idtintuc`, `tentintuc`, `matin`, `hinhanh`, `noidung`, `tinhtrang`) VALUES
(6, 'Dell: Hành trình tìm lại hào quang', 'mip12', 'photo1604203250090-1604203250466482905779.jpg', '<h2 class=\"knc-sapo\" style=\"margin: 12px 0px; padding: 0px; border: 0px; font-variant-numeric: inherit; font-variant-east-asian: inherit; font-stretch: inherit; font-size: 17px; line-height: 22px; font-family: SFD-Bold; vertical-align: baseline; position: relative; color: #222222;\">L&agrave; một tượng đ&agrave;i của ng&agrave;nh sản xuất m&aacute;y t&iacute;nh c&aacute; nh&acirc;n (PC), Dell được biết đến với chất lượng sản phẩm v&agrave; chế độ bảo h&agrave;nh vượt trội trong thời kỳ đỉnh cao. Tuy nhi&ecirc;n, những sự bất đồng trong ban l&atilde;nh đạo c&ugrave;ng đường lối ph&aacute;t triển sai lầm đ&atilde; từng l&agrave;m người khổng lồ n&agrave;y phải lao đao trong một thời gian d&agrave;i. May mắn cho Dell, nh&agrave; s&aacute;ng lập c&ocirc;ng ty đ&atilde; trở lại v&agrave; k&eacute;o họ ra khỏi vũng b&ugrave;n lầy, một lần nữa đem lại vị thế h&agrave;ng đầu cho c&ocirc;ng ty m&aacute;y t&iacute;nh của Mỹ.</h2>', '1');

--
-- Chỉ mục cho các bảng đã đổ
--

--
-- Chỉ mục cho bảng `admin`
--
ALTER TABLE `admin`
  ADD PRIMARY KEY (`idadmin`);

--
-- Chỉ mục cho bảng `cart`
--
ALTER TABLE `cart`
  ADD PRIMARY KEY (`id`);

--
-- Chỉ mục cho bảng `cart_detail`
--
ALTER TABLE `cart_detail`
  ADD PRIMARY KEY (`id`);

--
-- Chỉ mục cho bảng `dangky`
--
ALTER TABLE `dangky`
  ADD PRIMARY KEY (`id_khachhang`);

--
-- Chỉ mục cho bảng `gallery`
--
ALTER TABLE `gallery`
  ADD PRIMARY KEY (`id_gallery`);

--
-- Chỉ mục cho bảng `hieusp`
--
ALTER TABLE `hieusp`
  ADD PRIMARY KEY (`idhieusp`);

--
-- Chỉ mục cho bảng `loaisp`
--
ALTER TABLE `loaisp`
  ADD PRIMARY KEY (`idloaisp`);

--
-- Chỉ mục cho bảng `sanpham`
--
ALTER TABLE `sanpham`
  ADD PRIMARY KEY (`idsanpham`);

--
-- Chỉ mục cho bảng `tintuc`
--
ALTER TABLE `tintuc`
  ADD PRIMARY KEY (`idtintuc`);

--
-- AUTO_INCREMENT cho các bảng đã đổ
--

--
-- AUTO_INCREMENT cho bảng `admin`
--
ALTER TABLE `admin`
  MODIFY `idadmin` int(11) NOT NULL AUTO_INCREMENT, AUTO_INCREMENT=2;

--
-- AUTO_INCREMENT cho bảng `cart`
--
ALTER TABLE `cart`
  MODIFY `id` int(11) NOT NULL AUTO_INCREMENT, AUTO_INCREMENT=27;

--
-- AUTO_INCREMENT cho bảng `cart_detail`
--
ALTER TABLE `cart_detail`
  MODIFY `id` int(11) NOT NULL AUTO_INCREMENT, AUTO_INCREMENT=40;

--
-- AUTO_INCREMENT cho bảng `dangky`
--
ALTER TABLE `dangky`
  MODIFY `id_khachhang` int(11) NOT NULL AUTO_INCREMENT, AUTO_INCREMENT=61;

--
-- AUTO_INCREMENT cho bảng `gallery`
--
ALTER TABLE `gallery`
  MODIFY `id_gallery` int(11) NOT NULL AUTO_INCREMENT, AUTO_INCREMENT=85;

--
-- AUTO_INCREMENT cho bảng `hieusp`
--
ALTER TABLE `hieusp`
  MODIFY `idhieusp` int(11) NOT NULL AUTO_INCREMENT, AUTO_INCREMENT=26;

--
-- AUTO_INCREMENT cho bảng `loaisp`
--
ALTER TABLE `loaisp`
  MODIFY `idloaisp` int(11) NOT NULL AUTO_INCREMENT, AUTO_INCREMENT=39;

--
-- AUTO_INCREMENT cho bảng `sanpham`
--
ALTER TABLE `sanpham`
  MODIFY `idsanpham` int(11) NOT NULL AUTO_INCREMENT, AUTO_INCREMENT=182;

--
-- AUTO_INCREMENT cho bảng `tintuc`
--
ALTER TABLE `tintuc`
  MODIFY `idtintuc` int(11) NOT NULL AUTO_INCREMENT, AUTO_INCREMENT=7;
COMMIT;

/*!40101 SET CHARACTER_SET_CLIENT=@OLD_CHARACTER_SET_CLIENT */;
/*!40101 SET CHARACTER_SET_RESULTS=@OLD_CHARACTER_SET_RESULTS */;
/*!40101 SET COLLATION_CONNECTION=@OLD_COLLATION_CONNECTION */;
